company_name,job_title,location,careers_url
Airbnb,"Account Executive, Airbnb for Business",Canada,https://boards.greenhouse.io/airbnb
Airbnb,"Acquisition Lead, Experiences, Mexico City (12 month contract)",Mexico,https://boards.greenhouse.io/airbnb
Airbnb,Advanced Analytics Intern (MS),United States,https://boards.greenhouse.io/airbnb
Airbnb,"Analyste sur la Qualité, Soutien Prioritaire (Portugais)",Canada,https://boards.greenhouse.io/airbnb
Airbnb,"Android Engineer, Guest & Host","Remote, USA",https://boards.greenhouse.io/airbnb
Airbnb,"Associate Art Direction, Media Operations","Gurugram, India",https://boards.greenhouse.io/airbnb
Airbnb,"Brand Marketing Intern, France","Paris, France",https://boards.greenhouse.io/airbnb
Airbnb,Business Analyst,Singapore,https://boards.greenhouse.io/airbnb
Airbnb,Business Data Analyst (12 Month FTC),"Paris, France",https://boards.greenhouse.io/airbnb
Airbnb,"Business Solutions Engineer, (Agentic AI)","Bangalore, India",https://boards.greenhouse.io/airbnb
Airbnb,"Chef de l’Approvisionnement en Logements, Canada",Canada,https://boards.greenhouse.io/airbnb
Airbnb,"Chef d'équipe, Rétablissement de service ",Canada,https://boards.greenhouse.io/airbnb
Airbnb,Claims Experience Specialist (French/Spanish/Italian/Portuguese),"Montreal,Canada",https://boards.greenhouse.io/airbnb
Airbnb,Claims Experience Specialist(Japanese and English Speaking),Japan,https://boards.greenhouse.io/airbnb
Airbnb,"Communications Intern, France","Paris, France",https://boards.greenhouse.io/airbnb
Airbnb,"Communications Lead, U.S. Latino",United States ,https://boards.greenhouse.io/airbnb
Airbnb,"Community Regional Lead, APAC","Singapore, Singapore",https://boards.greenhouse.io/airbnb
Airbnb,Community Support BizOps Lead,"Dublin, Ireland",https://boards.greenhouse.io/airbnb
Airbnb,CS Delivery Excellence Manager,Canada,https://boards.greenhouse.io/airbnb
Airbnb,CS Delivery Excellence Manager,United States,https://boards.greenhouse.io/airbnb
Airbnb,CS Delivery Manager,Korea,https://boards.greenhouse.io/airbnb
Airbnb,"Engineering Manager, Ambassador Routing",Remote - USA,https://boards.greenhouse.io/airbnb
Airbnb,"Engineering Manager, Client Products & Emerging Tech",Remote - USA,https://boards.greenhouse.io/airbnb
Airbnb,"Engineering Manager, Control Plane - Distributed Transactional Database",United States,https://boards.greenhouse.io/airbnb
Airbnb,"Engineering Manager, CS Data Services",United States,https://boards.greenhouse.io/airbnb
Airbnb,"Engineering Manager, Guest Displays and Platforms",Remote - USA,https://boards.greenhouse.io/airbnb
Airbnb,"Engineering Manager, Guest & Host","London, United Kingdom",https://boards.greenhouse.io/airbnb
Airbnb,"Engineering Manager, Mobile Quality Engineering ","São Paulo, Brazil",https://boards.greenhouse.io/airbnb
Airbnb,Engineering Manager - Tax Platform ,United States,https://boards.greenhouse.io/airbnb
Airbnb,Fraud Investigations Manager,Canada,https://boards.greenhouse.io/airbnb
Airbnb,Fraud & Safety Risk Manager,United States ,https://boards.greenhouse.io/airbnb
Airbnb,"Frontend Engineer, Payments",China,https://boards.greenhouse.io/airbnb
Airbnb,"Head of Homes Supply, India","Gurugram, India",https://boards.greenhouse.io/airbnb
Airbnb,"Head of Home Supply, Canada",Canada,https://boards.greenhouse.io/airbnb
Airbnb,"LATAM Senior Growth Marketing Manager, SEM (Brazil)",Brazil,https://boards.greenhouse.io/airbnb
Airbnb,"LATAM Senior Growth Marketing Manager, SEM (Mexico)",Mexico,https://boards.greenhouse.io/airbnb
Airbnb,Lead Actuary,United States ,https://boards.greenhouse.io/airbnb
Airbnb,"Lead, Advanced Analytics, Community Support",United States,https://boards.greenhouse.io/airbnb
Airbnb,"Lead Advanced Analytics, Digital & AI Products","Bangalore, India",https://boards.greenhouse.io/airbnb
Airbnb,"Lead, Business Process Improvement",United States ,https://boards.greenhouse.io/airbnb
Airbnb,"Lead Experience Designer, International",China,https://boards.greenhouse.io/airbnb
Airbnb,"Lead Influencer, LATAM","Miami, United States ",https://boards.greenhouse.io/airbnb
Airbnb,"Lead Influencer, LATAM ","Mexico City, Mexico",https://boards.greenhouse.io/airbnb
Airbnb,"Lead Influencer, LATAM ","São Paulo, Brazil ",https://boards.greenhouse.io/airbnb
Airbnb,"Lead Product Manager, Airbnb.org",Remote United States ,https://boards.greenhouse.io/airbnb
Airbnb,"Legal Intern, Policy","New York, Washington D.C., San Francisco",https://boards.greenhouse.io/airbnb
Airbnb,"Legal Intern, Tax",United States ,https://boards.greenhouse.io/airbnb
Airbnb,"Localization Manager, Canada",Canada,https://boards.greenhouse.io/airbnb
Airbnb,"Localization Manager, Canada",Canada,https://boards.greenhouse.io/airbnb
Airbnb,"Manager, Engineering, Guest & Host","Bangalore, India",https://boards.greenhouse.io/airbnb
Airbnb,"Manager, Engineering Operations APAC, BizTech","Bangalore, India",https://boards.greenhouse.io/airbnb
Airbnb,"Manager, Enquêtes sur la fraude",Canada,https://boards.greenhouse.io/airbnb
Airbnb,"Manager, Field Operations, Northeast",United States,https://boards.greenhouse.io/airbnb
Airbnb,"Manager, Fraud and Safety Investigations Operations","Gurugram, India",https://boards.greenhouse.io/airbnb
Airbnb,"Manager, Localization - Americas",United States,https://boards.greenhouse.io/airbnb
Airbnb,"Manager, Localization - Americas",Brazil,https://boards.greenhouse.io/airbnb
Airbnb,"Manager, Localization - Americas",Mexico,https://boards.greenhouse.io/airbnb
Airbnb,Manager Safety Regional Operations,United States,https://boards.greenhouse.io/airbnb
Airbnb,"Manager, Supply Acquisition (New York City/San Francisco)",United States ,https://boards.greenhouse.io/airbnb
Airbnb,Market Associate,"Paris, France",https://boards.greenhouse.io/airbnb
Airbnb,Market Associate,"London, United Kingdom",https://boards.greenhouse.io/airbnb
Airbnb,Market Associate,"Berlin, Germany ",https://boards.greenhouse.io/airbnb
Airbnb,Market Associate (Croatian & Italian Speaking),"Milan, Italy ",https://boards.greenhouse.io/airbnb
Airbnb,Market Associate (Italian Speaking),"Milan, Italy",https://boards.greenhouse.io/airbnb
Airbnb,Market Associate (Spanish) ,"Barcelona, Spain",https://boards.greenhouse.io/airbnb
Airbnb,Market Associate (Spanish & Portuguese),"Barcelona, Spain",https://boards.greenhouse.io/airbnb
Airbnb,Market Lead,"Los Angeles, United States",https://boards.greenhouse.io/airbnb
Airbnb,Market Manager,"Nevada, United States, Utah, United States",https://boards.greenhouse.io/airbnb
Airbnb,Market Manager,"Texas, United States ",https://boards.greenhouse.io/airbnb
Airbnb,Market Manager,"Dubai, United Arab Emirates",https://boards.greenhouse.io/airbnb
Airbnb,Market Manager,"Sydney, Australia",https://boards.greenhouse.io/airbnb
Airbnb,"Market Manager, Japan","Tokyo, Japan",https://boards.greenhouse.io/airbnb
Airbnb,Market Manager (Perth),"Perth, Australia",https://boards.greenhouse.io/airbnb
Airbnb,"Market Manager, Services (12 Month Fixed-Term Contract)","Paris, France",https://boards.greenhouse.io/airbnb
Airbnb,Planning Business Manager,United States ,https://boards.greenhouse.io/airbnb
Airbnb,"Platform Lead - Agent Products, Community Support ",United States,https://boards.greenhouse.io/airbnb
Airbnb,Premium Support Delivery Manager (German),Ireland,https://boards.greenhouse.io/airbnb
Airbnb,Premium Support Delivery Manager (Italian),Ireland,https://boards.greenhouse.io/airbnb
Airbnb,Premium Support Delivery Manager (Japanese Speaking),"Tokyo, Japan",https://boards.greenhouse.io/airbnb
Airbnb,Premium Support Delivery Manager (Mandarin Speaking),"Singapore, Singapore",https://boards.greenhouse.io/airbnb
Airbnb,Process Strategy and Optimization Manager,United States ,https://boards.greenhouse.io/airbnb
Airbnb,"Product Manager, Guest Merchandising","San Francisco, CA",https://boards.greenhouse.io/airbnb
Airbnb,"Product Manager, New Guest Experience",United States,https://boards.greenhouse.io/airbnb
Airbnb,"Product Owner, Supply (GTM) Technology",United States ,https://boards.greenhouse.io/airbnb
Airbnb,"Product Program Manager, Roadmap Planning & Program Management","San Francisco, United States ",https://boards.greenhouse.io/airbnb
Airbnb,"Program Manager, Community Support",United States ,https://boards.greenhouse.io/airbnb
Airbnb,"Programs and Business Operations Lead, Airbnb Services","France, Ireland, UK",https://boards.greenhouse.io/airbnb
Airbnb,"Programs and Business Operations Lead, Services",United States ,https://boards.greenhouse.io/airbnb
Airbnb,Public Policy Project Manager - 18 month Fixed Term Contract ,"Paris, France",https://boards.greenhouse.io/airbnb
Airbnb,"Quality Insights Analyst, Premium Support (German Speaking)",Ireland,https://boards.greenhouse.io/airbnb
Airbnb,"Quality Insights Analyst, Premium Support (Italian Speaking)",Ireland,https://boards.greenhouse.io/airbnb
Airbnb,"Quality Insights Analyst, Premium Support (Portuguese)",Canada,https://boards.greenhouse.io/airbnb
Airbnb,"Recruiting Project Manager, Contract  ",United States ,https://boards.greenhouse.io/airbnb
Airbnb,"Regulatory Operations Lead, APAC","Seoul, South Korea",https://boards.greenhouse.io/airbnb
Airbnb,"Regulatory Operations Lead, EMEA","Paris, France",https://boards.greenhouse.io/airbnb
Airbnb,Responsable de l'excellence de la prestation du soutien à la communauté,Canada,https://boards.greenhouse.io/airbnb
Airbnb,Responsable de marché senior ,Canada,https://boards.greenhouse.io/airbnb
Airbnb,Responsable des partenariats stratégiques,Canada,https://boards.greenhouse.io/airbnb
Airbnb,"Risk Operations Analyst, EMEA Payments (FTC)",Luxembourg,https://boards.greenhouse.io/airbnb
Airbnb,"Sales Operations & Vendor Performance Lead, APAC","Singapore, Singapore",https://boards.greenhouse.io/airbnb
Airbnb,"Senior Analyst, WFM","Gurugram, India",https://boards.greenhouse.io/airbnb
Airbnb,"Senior Android Software Engineer, Quality",Brazil - Remote,https://boards.greenhouse.io/airbnb
Airbnb,"Senior Android Software Engineer, Quality Engineering",United States,https://boards.greenhouse.io/airbnb
Airbnb,"Senior Backend Engineer, GraphQL",Remote - USA,https://boards.greenhouse.io/airbnb
Airbnb,"Senior Backend Engineer, Reservations and Additional Products",Remote-USA,https://boards.greenhouse.io/airbnb
Airbnb,"Senior Backend Software Engineer,  Media Ingestion & Serving",Remote - USA,https://boards.greenhouse.io/airbnb
Airbnb,"Senior Business Solutions Engineer, BizTech",United States,https://boards.greenhouse.io/airbnb
Airbnb,Senior Claims Specialist,"Gurugram, India",https://boards.greenhouse.io/airbnb
Airbnb,"Senior Communications Lead, DACH & CEE",Germany,https://boards.greenhouse.io/airbnb
Airbnb,Senior Connectivity Partner Manager (Mandarin speaking),"Tokyo, Japan",https://boards.greenhouse.io/airbnb
Airbnb,"Senior Counsel, Product",United States ,https://boards.greenhouse.io/airbnb
Airbnb,"Senior Data Engineer, Payments","Bangalore, India",https://boards.greenhouse.io/airbnb
Airbnb,"Senior Data Scientist - Inference, Global Markets",China,https://boards.greenhouse.io/airbnb
Airbnb,"Senior Engineering Manager, Brazil Site Lead","São Paulo, Brazil",https://boards.greenhouse.io/airbnb
Airbnb,Senior Engineering Manager - Marketplaces DNA (Data & AI),Remote - USA,https://boards.greenhouse.io/airbnb
Airbnb,Senior EX Operations Specialist,"Dublin, Ireland",https://boards.greenhouse.io/airbnb
Airbnb,"Senior Frontend Engineer, GraphQL & Networking Platform",United States,https://boards.greenhouse.io/airbnb
Airbnb,"Senior Frontend Engineer, Hosting Services","London, England",https://boards.greenhouse.io/airbnb
Airbnb,"Senior Frontend Engineer, Reliability Experience",Brazil - Remote,https://boards.greenhouse.io/airbnb
Airbnb,"Senior Fullstack Engineer, App Foundation",China,https://boards.greenhouse.io/airbnb
Airbnb,"Senior Fullstack Engineer, Trust ","Remote, USA ",https://boards.greenhouse.io/airbnb
Airbnb,"Senior iOS Engineer, Client Media Foundation","Remote, USA",https://boards.greenhouse.io/airbnb
Airbnb,"Senior iOS Engineer, Guest Displays & Platforms","Remote, USA",https://boards.greenhouse.io/airbnb
Airbnb,"Senior iOS Engineer, On Trip","Remote, USA",https://boards.greenhouse.io/airbnb
Airbnb,Senior Key Account Manager (12-month FTC),"Barcelona, Spain",https://boards.greenhouse.io/airbnb
Airbnb,"Senior Machine Learning Engineer, Listing Integrity",Remote-USA,https://boards.greenhouse.io/airbnb
Airbnb,"Senior Manager, Field Operations, Brazil and Spanish Speaking South America","São Paulo, Brazil",https://boards.greenhouse.io/airbnb
Airbnb,"Senior Manager, Machine Learning Engineering - GenAI",United Stated,https://boards.greenhouse.io/airbnb
Airbnb,"Senior Manager, Marketplace Strategy",United States ,https://boards.greenhouse.io/airbnb
Airbnb,"Senior Marketing Lead, India","Gurugram, India",https://boards.greenhouse.io/airbnb
Airbnb,Senior Market Manager,"Arizona, United States ",https://boards.greenhouse.io/airbnb
Airbnb,Senior Market Manager,Canada,https://boards.greenhouse.io/airbnb
Airbnb,Senior Market Manager,Canada,https://boards.greenhouse.io/airbnb
Airbnb,Senior Market Manager,"Riyadh, Saudi Arabia",https://boards.greenhouse.io/airbnb
Airbnb,"Senior Market Manager, Experiences","Seoul, Korea",https://boards.greenhouse.io/airbnb
Airbnb,"Senior Market Manager, France","Paris, France",https://boards.greenhouse.io/airbnb
Airbnb,"Senior Market Manager, Services","Mexico City, Mexico",https://boards.greenhouse.io/airbnb
Airbnb,"Senior Operations Specialist, Hosting","Gurugram, India",https://boards.greenhouse.io/airbnb
Airbnb,"Senior Principal, Internal Audit and Advisory","Remote, United States ",https://boards.greenhouse.io/airbnb
Airbnb,"Senior Product Program Manager, Roadmap Planning & Program Management ","San Francisco, United States ",https://boards.greenhouse.io/airbnb
Airbnb,"Senior Program Manager, Design, International",China,https://boards.greenhouse.io/airbnb
Airbnb,Senior Routing & Channel Optimization Coordinator,United States,https://boards.greenhouse.io/airbnb
Airbnb,"Senior Sales Operations Lead, APAC",Singapore,https://boards.greenhouse.io/airbnb
Airbnb,Senior Security Assurance Analyst,Remote - USA,https://boards.greenhouse.io/airbnb
Airbnb,"Senior Software Engineer, AI Compute",Remote - USA,https://boards.greenhouse.io/airbnb
Airbnb,"Senior Software Engineer, BizTech",United States,https://boards.greenhouse.io/airbnb
Airbnb,"Senior Software Engineer, Cloud Networking (Brazil)",Brazil,https://boards.greenhouse.io/airbnb
Airbnb,"Senior Software Engineer, Community Support Engineering ","Remote, USA",https://boards.greenhouse.io/airbnb
Airbnb,"Senior Software Engineer, Community Support Engineering(AI Product)","Beijing, China",https://boards.greenhouse.io/airbnb
Airbnb,"Senior Software Engineer, Distributed Transactional Database",United States,https://boards.greenhouse.io/airbnb
Airbnb,"Senior Software Engineer, Experimentation Infrastructure",Remote USA,https://boards.greenhouse.io/airbnb
Airbnb,"Senior Software Engineer, Guest Displays & Platform",United States,https://boards.greenhouse.io/airbnb
Airbnb,"Senior Software Engineer, Guest & Host",United States,https://boards.greenhouse.io/airbnb
Airbnb,"Senior Software Engineer, Guest & Host","Remote, USA",https://boards.greenhouse.io/airbnb
Airbnb,"Senior Software Engineer, Guest & Host - Global Markets",China,https://boards.greenhouse.io/airbnb
Airbnb,"Senior Software Engineer, Guest & Host (Listing)","Remote, USA",https://boards.greenhouse.io/airbnb
Airbnb,"Senior Software Engineer, Host Platforms & Access",United States,https://boards.greenhouse.io/airbnb
Airbnb,"Senior Software Engineer, Host Pricing & Settings",Remote USA,https://boards.greenhouse.io/airbnb
Airbnb,"Senior Software Engineer, Reliability Engineering","São Paulo, Brazil",https://boards.greenhouse.io/airbnb
Airbnb,"Senior Software Engineer, Service Tools",Brazil,https://boards.greenhouse.io/airbnb
Airbnb,"Senior Software Engineer, Tax Platform","Bangalore, India",https://boards.greenhouse.io/airbnb
Airbnb,"Senior Software Engineer, Unified Data Store",United States,https://boards.greenhouse.io/airbnb
Airbnb,"Senior Specialist, Premium Support (German)",Ireland,https://boards.greenhouse.io/airbnb
Airbnb,"Senior Specialist, Premium Support (Italian)",Ireland,https://boards.greenhouse.io/airbnb
Airbnb,"Senior Specialist, Premium Support (Italian)","Nevada, United States",https://boards.greenhouse.io/airbnb
Airbnb,"Senior Specialist, Premium Support (Japanese speaker)",Japan,https://boards.greenhouse.io/airbnb
Airbnb,"Senior Specialist, Premium Support (Korean Speaking)","Seoul, Korea",https://boards.greenhouse.io/airbnb
Airbnb,"Senior Specialist, Premium Support(Mandarin)",Singapore,https://boards.greenhouse.io/airbnb
Airbnb,"Senior Specialist, Premium Support (Portuguese)",Canada,https://boards.greenhouse.io/airbnb
Airbnb,"Senior Specialist, Premium Support (Portuguese)","Nevada, United States",https://boards.greenhouse.io/airbnb
Airbnb,"Senior Specialist, Safety",Canada,https://boards.greenhouse.io/airbnb
Airbnb,"Senior Staff Data Engineer, Marketplaces DNA",United States,https://boards.greenhouse.io/airbnb
Airbnb,"Senior Staff Data Scientist, Guest & Host Marketplace AI",Remote,https://boards.greenhouse.io/airbnb
Airbnb,Senior Staff Machine Learning Engineer - AI Safety and Guardrail ,United States,https://boards.greenhouse.io/airbnb
Airbnb,"Senior Staff Machine Learning Engineer, Communication & Connectivity",Remote - USA,https://boards.greenhouse.io/airbnb
Airbnb,Senior Staff Machine Learning Engineer – GenAI,United States,https://boards.greenhouse.io/airbnb
Airbnb,Senior Staff Machine Learning Engineer - Guest & Host,United States,https://boards.greenhouse.io/airbnb
Airbnb,"Senior Staff Machine Learning Engineer, Relevance and Personalization",United States ,https://boards.greenhouse.io/airbnb
Airbnb,"Senior Staff Software Engineer, Community Support Engineering",China,https://boards.greenhouse.io/airbnb
Airbnb,"Senior Staff Software Engineer, Payments","Bangalore, India",https://boards.greenhouse.io/airbnb
Airbnb,Senior Supply Market Planning Manager,"Dublin, Ireland, London, United Kingdom",https://boards.greenhouse.io/airbnb
Airbnb,Senior Systems Engineer - OIC,"Remote - Bangalore, India",https://boards.greenhouse.io/airbnb
Airbnb,"Social Lead, Executive and Corporate Communications","San Francisco, United States ",https://boards.greenhouse.io/airbnb
Airbnb,"Specialist, Collections","Gurugram, India",https://boards.greenhouse.io/airbnb
Airbnb,"Specialist, CS Labs (Italian)",Canada,https://boards.greenhouse.io/airbnb
Airbnb,"Specialist, CS Labs (Mandarin)",Singapore,https://boards.greenhouse.io/airbnb
Airbnb,"Specialist, CS Labs (Portuguese / German)",Ireland,https://boards.greenhouse.io/airbnb
Airbnb,Spécialiste au Support Premium,"British Columbia, Canada",https://boards.greenhouse.io/airbnb
Airbnb,Spécialiste CS Labs (italien),Canada,https://boards.greenhouse.io/airbnb
Airbnb,"Spécialiste de l’Expérience Réclamations (Français, Italien, Espagnol ou Portugais)",Canada,https://boards.greenhouse.io/airbnb
Airbnb,"Spécialiste principal, Sécurité",Canada,https://boards.greenhouse.io/airbnb
Airbnb,"Spécialiste Sénior, Support Premium (Portugais)",Canada,https://boards.greenhouse.io/airbnb
Airbnb,"Spécialiste, Soutien Premium (mandarin)",Canada,https://boards.greenhouse.io/airbnb
Airbnb,"Specialist, Premium Support",Japan,https://boards.greenhouse.io/airbnb
Airbnb,"Specialist, Premium Support ",Ireland,https://boards.greenhouse.io/airbnb
Airbnb,"Specialist, Premium Support (French)","British Columbia, Canada",https://boards.greenhouse.io/airbnb
Airbnb,"Specialist, Premium Support (German)",Ireland,https://boards.greenhouse.io/airbnb
Airbnb,"Specialist, Premium Support (Italian)","Nevada, United States ",https://boards.greenhouse.io/airbnb
Airbnb,"Specialist, Premium Support (Italian)",Canada,https://boards.greenhouse.io/airbnb
Airbnb,"Specialist, Premium Support (Korean Speaking)","Seoul, Korea",https://boards.greenhouse.io/airbnb
Airbnb,"Specialist, Premium Support (Mandarin)",Canada,https://boards.greenhouse.io/airbnb
Airbnb,"Specialist, Premium Support (Mandarin Speaking)",Singapore,https://boards.greenhouse.io/airbnb
Airbnb,"Specialist, Premium Support (Portuguese)","Nevada, United States ",https://boards.greenhouse.io/airbnb
Airbnb,"Staff, Advanced Analytics, New Business",United States,https://boards.greenhouse.io/airbnb
Airbnb,"Staff AI Innovation Engineer, Employee Experience",United States ,https://boards.greenhouse.io/airbnb
Airbnb,Staff Android Automation Engineer,Brazil - Remote,https://boards.greenhouse.io/airbnb
Airbnb,"Staff Android Engineer, Reservation Management & Additional Products",Remote - USA,https://boards.greenhouse.io/airbnb
Airbnb,Staff Data Engineer - Data AI-Listings & Structured Data,United States,https://boards.greenhouse.io/airbnb
Airbnb,"Staff Data Scientist, Forecasting-Finance",United States ,https://boards.greenhouse.io/airbnb
Airbnb,"Staff Data Scientist, Listing Understanding",Remote,https://boards.greenhouse.io/airbnb
Airbnb,"Staff Data Scientist, Marketplace",Remote,https://boards.greenhouse.io/airbnb
Airbnb,Staff Experience Designer,United States,https://boards.greenhouse.io/airbnb
Airbnb,"Staff Experience Designer, International",China,https://boards.greenhouse.io/airbnb
Airbnb,"Staff Fullstack Engineer, Reservation Management",United States,https://boards.greenhouse.io/airbnb
Airbnb,"Staff Fullstack Software Engineer, Marketing Technology",Remote - USA,https://boards.greenhouse.io/airbnb
Airbnb,"Staff GenAI System Engineer, Automation Foundation",Remote - USA,https://boards.greenhouse.io/airbnb
Airbnb,"Staff Machine Learning Engineer, Communication & Connectivity ",Remote - USA,https://boards.greenhouse.io/airbnb
Airbnb,Staff Machine Learning Engineer - Community Support Engineering,Remote - USA,https://boards.greenhouse.io/airbnb
Airbnb,"Staff Machine Learning Engineer, Listings and Host Tools Data and AI",Remote-USA,https://boards.greenhouse.io/airbnb
Airbnb,Staff Platform Manager - Agent Products and Intelligence Platforms,United States ,https://boards.greenhouse.io/airbnb
Airbnb,"Staff Platform Manager, Community Experience Platforms",United States ,https://boards.greenhouse.io/airbnb
Airbnb,"Staff Software Engineer, Android Platform",Remote - USA,https://boards.greenhouse.io/airbnb
Airbnb,"Staff Software Engineer, Communication & Connectivity",United States,https://boards.greenhouse.io/airbnb
Airbnb,"Staff Software Engineer, Community Support Engineering",China,https://boards.greenhouse.io/airbnb
Airbnb,"Staff Software Engineer, Experimentation Data",Remote USA,https://boards.greenhouse.io/airbnb
Airbnb,Staff Software Engineer - GenAI Systems,Remote - USA,https://boards.greenhouse.io/airbnb
Airbnb,"Staff Software Engineer, Growth Platform","Remote, USA ",https://boards.greenhouse.io/airbnb
Airbnb,"Staff Software Engineer, Guest & Host - Global Markets",China,https://boards.greenhouse.io/airbnb
Airbnb,"Staff Software Engineer, Host Pricing & Settings","Remote, USA",https://boards.greenhouse.io/airbnb
Airbnb,"Staff Software Engineer, iOS Platform",Remote - USA,https://boards.greenhouse.io/airbnb
Airbnb,"Staff Software Engineer, Listings & Host Tools and AI",United States,https://boards.greenhouse.io/airbnb
Airbnb,"Staff Software Engineer, Performance ",Remote - USA,https://boards.greenhouse.io/airbnb
Airbnb,"Staff Software Engineer, Search Infrastructure",Brazil,https://boards.greenhouse.io/airbnb
Airbnb,"Staff Software Engineer, Technical Lead - KV Stores & Caching",United States,https://boards.greenhouse.io/airbnb
Airbnb,"Staff Technical Program Manager, Reliability & Observability",United States,https://boards.greenhouse.io/airbnb
Airbnb,Strategic Finance & Analytics Intern (MBA/MS),United States,https://boards.greenhouse.io/airbnb
Airbnb,Strategic Partnership Lead ,Canada,https://boards.greenhouse.io/airbnb
Airbnb,Strategic Sourcing Manager - Corporate,United States ,https://boards.greenhouse.io/airbnb
Airbnb,"Strategy and Business Growth Lead, Airbnb Experiences","Singapore, Singapore",https://boards.greenhouse.io/airbnb
Airbnb,"Strategy and Business Growth Lead, Experiences","Rome, Italy",https://boards.greenhouse.io/airbnb
Airbnb,"Strategy and Business Growth Lead, Experiences","London, United Kingdom",https://boards.greenhouse.io/airbnb
Airbnb,"Supervisor, Liability Claims ","Gurugram , India",https://boards.greenhouse.io/airbnb
Airbnb,"Supervisor, Service Recovery",Canada,https://boards.greenhouse.io/airbnb
Airbnb,"Supervisor, Service Recovery",United States,https://boards.greenhouse.io/airbnb
Airbnb,"Team Specialist, Premium Support",Japan,https://boards.greenhouse.io/airbnb
Airbnb,"Team Specialist, Premium Support (German)",Ireland,https://boards.greenhouse.io/airbnb
Airbnb,"Team Specialist, Premium Support (Italian)",Ireland,https://boards.greenhouse.io/airbnb
Airbnb,"Team Specialist, Premium Support (Korean Speaking)","Seoul, Korea",https://boards.greenhouse.io/airbnb
Airbnb,"Team Specialist, Premium Support(Mandarin Speaking)",Singapore,https://boards.greenhouse.io/airbnb
Airbnb,"Tech Lead Manager, Cloud Networking (Brazil)",Brazil,https://boards.greenhouse.io/airbnb
Airbnb,Treasury Operations Manager,United States ,https://boards.greenhouse.io/airbnb
Stripe,"Account Executive, Benelux - Startups (Dutch Speaking)",Amsterdam,https://boards.greenhouse.io/stripe
Stripe,"Account Executive, Bridge",San Francisco or New York,https://boards.greenhouse.io/stripe
Stripe,"Account Executive, CEE, Existing Business ",Dublin,https://boards.greenhouse.io/stripe
Stripe,"Account Executive, Commercial - DACH",Berlin,https://boards.greenhouse.io/stripe
Stripe,"Account Executive, Commercial (Existing Business)","Chicago, IL.",https://boards.greenhouse.io/stripe
Stripe,"Account Executive, Commercial (New Business)",Chicago,https://boards.greenhouse.io/stripe
Stripe,Account Executive - Enterprise,Mexico City,https://boards.greenhouse.io/stripe
Stripe,"Account Executive, Enterprise ",Remote - QC,https://boards.greenhouse.io/stripe
Stripe,"Account Executive, Enterprise AUNZ","Sydney, Australia",https://boards.greenhouse.io/stripe
Stripe,"Account Executive, Enterprise - Billing (Existing Business)","Dublin, London",https://boards.greenhouse.io/stripe
Stripe,"Account Executive, Enterprise - Billing (French Speaking)","Paris, London, Dublin OR Berlin",https://boards.greenhouse.io/stripe
Stripe,"Account Executive, Enterprise & Digital Native (Japan)","Tokyo, Japan",https://boards.greenhouse.io/stripe
Stripe,"Account Executive, Enterprise (Existing Business) ","US-Remote, US-San Francisco, US-Chicago, US-New York ",https://boards.greenhouse.io/stripe
Stripe,Account Executive - Enterprise Germany ,Germany ,https://boards.greenhouse.io/stripe
Stripe,"Account Executive, Enterprise (Hunter)",Paris,https://boards.greenhouse.io/stripe
Stripe,Account Executive - Enterprise Hunter (UK),London,https://boards.greenhouse.io/stripe
Stripe,"Account Executive, Enterprise, Japan",Tokyo,https://boards.greenhouse.io/stripe
Stripe,"Account Executive, Enterprise Lifecycle (Northern Europe)",Amsterdam or Stockholm or Dublin,https://boards.greenhouse.io/stripe
Stripe,"Account Executive, Enterprise (New Business) ",US-New York,https://boards.greenhouse.io/stripe
Stripe,"Account Executive, Enterprise - Public Sector (New Business) ","US-Chicago, US-San Francisco, US-New York, US-Remote ",https://boards.greenhouse.io/stripe
Stripe,"Account Executive, Enterprise (Sao Paulo, Brazil)","Sao Paulo, Brazil",https://boards.greenhouse.io/stripe
Stripe,Account Executive - Enterprise Switzerland,Germany,https://boards.greenhouse.io/stripe
Stripe,"Account Executive, Existing Business - Funded Startups (German Speaking)",Dublin,https://boards.greenhouse.io/stripe
Stripe,"Account Executive, Existing Business, Iberia ",Dublin,https://boards.greenhouse.io/stripe
Stripe,"Account Executive, Existing Business - SMB (German Speaking)",Dublin,https://boards.greenhouse.io/stripe
Stripe,"Account Executive, Funded Startups",Dublin,https://boards.greenhouse.io/stripe
Stripe,"Account Executive, Funded Startups (Existing Business)","New York, San Fransisco",https://boards.greenhouse.io/stripe
Stripe,"Account Executive, Italy",Milan,https://boards.greenhouse.io/stripe
Stripe,"Account Executive, Marketplace ",London,https://boards.greenhouse.io/stripe
Stripe,"Account Executive, Mid-Market - Existing Business","Dublin, London",https://boards.greenhouse.io/stripe
Stripe,"Account Executive, Mid-Market - Existing Business (French-speaking)",Dublin/Paris,https://boards.greenhouse.io/stripe
Stripe,Account Executive - New Business - Iberia & Italy,Dublin ,https://boards.greenhouse.io/stripe
Stripe,"Account Executive, New Business - Nordics",Dublin,https://boards.greenhouse.io/stripe
Stripe,Account Executive (New Business - Portuguese Market),"Madrid, Spain",https://boards.greenhouse.io/stripe
Stripe,"Account Executive, Nordics - Startups",Dublin,https://boards.greenhouse.io/stripe
Stripe,"Account Executive, Platforms (Existing Business)","Sydney, Australia",https://boards.greenhouse.io/stripe
Stripe,"Account Executive, Platforms (French Speaking)",Dublin,https://boards.greenhouse.io/stripe
Stripe,"Account Executive, Platforms  (German-speaking)",Berlin,https://boards.greenhouse.io/stripe
Stripe,"Account Executive, Platforms (Grower)",Paris,https://boards.greenhouse.io/stripe
Stripe,"Account Executive, Platforms (Grower)",London,https://boards.greenhouse.io/stripe
Stripe,"Account Executive, Platforms, Iberia ",Dublin ,https://boards.greenhouse.io/stripe
Stripe,"Account Executive, Platforms (Strategics)","SF, NYC",https://boards.greenhouse.io/stripe
Stripe,"Account Executive, Product - BNPLs",Dublin / London,https://boards.greenhouse.io/stripe
Stripe,"Account Executive, Product - BNPLs",Dublin / London,https://boards.greenhouse.io/stripe
Stripe,"Account Executive, Product - Disputes",US-Remote,https://boards.greenhouse.io/stripe
Stripe,"Account Executive, Product Sales",Singapore,https://boards.greenhouse.io/stripe
Stripe,"Account Executive, Product Sales (BaaS)",SF,https://boards.greenhouse.io/stripe
Stripe,"Account Executive, Product Sales (BaaS)","SF, NYC, remote",https://boards.greenhouse.io/stripe
Stripe,"Account Executive, Product Sales, Billing ","South San Francisco, CA; New York, NY; Seattle, WA; Chicago, IL",https://boards.greenhouse.io/stripe
Stripe,"Account Executive, Product Sales (Crypto/Stablecoins)",NYC,https://boards.greenhouse.io/stripe
Stripe,"Account Executive, Product Sales - Managed Payments",London,https://boards.greenhouse.io/stripe
Stripe,"Account Executive, Product Sales, Optimized Checkout",Remote,https://boards.greenhouse.io/stripe
Stripe,"Account Executive, Product Sales, Optimized Checkout",Dublin,https://boards.greenhouse.io/stripe
Stripe,"Account Executive, Product Sales - Tax","Dublin, London, Berlin",https://boards.greenhouse.io/stripe
Stripe,"Account Executive, Product Sales (Terminal)","London, Dublin",https://boards.greenhouse.io/stripe
Stripe,"Account Executive, Scaled Grower",US-Chicago,https://boards.greenhouse.io/stripe
Stripe,Account Executive (SMB),Singapore,https://boards.greenhouse.io/stripe
Stripe,"Account Executive, SMB - Existing Business",Dublin,https://boards.greenhouse.io/stripe
Stripe,"Account Executive, SMB - Existing Business (French-speaking)",Dublin,https://boards.greenhouse.io/stripe
Stripe,"Account Executive, SMB (French Speaking)",Dublin,https://boards.greenhouse.io/stripe
Stripe,"Account Executive, SMB (New Business)",Chicago,https://boards.greenhouse.io/stripe
Stripe,"Account Executive, SMB (New Business)",Chicago,https://boards.greenhouse.io/stripe
Stripe,"Account Executive, SMB (New Business)",Chicago,https://boards.greenhouse.io/stripe
Stripe,"Account Executive, SMB - New Business (German Speaking)",Dublin,https://boards.greenhouse.io/stripe
Stripe,"Account Executive, Startup SaaS Platforms - Existing Business",Dublin,https://boards.greenhouse.io/stripe
Stripe,"Account Executive, Startups (Greater China)",Singapore,https://boards.greenhouse.io/stripe
Stripe,"Account Executive, Velocity Grower (Japanese-speaking)",Tokyo,https://boards.greenhouse.io/stripe
Stripe,Account Executive - Velocity Hunter (French - speaking),Paris,https://boards.greenhouse.io/stripe
Stripe,Accounting - Legal Entity Controller,Bangalore,https://boards.greenhouse.io/stripe
Stripe,"Account Manager - Scale, Bridge",San Francisco or New York,https://boards.greenhouse.io/stripe
Stripe,Accounts Receivable Analyst,Bengaluru,https://boards.greenhouse.io/stripe
Stripe,Administrative Coordinator,Mexico City,https://boards.greenhouse.io/stripe
Stripe,AEO & GEO Marketing Manager,US,https://boards.greenhouse.io/stripe
Stripe,"AI/ML Engineering Manager, Payment Intelligence","US-SF, US-NYC, US-SEA",https://boards.greenhouse.io/stripe
Stripe,AI Solutions Architect,"South San Francisco, NYC, or Remote",https://boards.greenhouse.io/stripe
Stripe," Android Engineer, Link",Toronto,https://boards.greenhouse.io/stripe
Stripe,"Android Engineer, Terminal",Toronto,https://boards.greenhouse.io/stripe
Stripe,"Android Engineer, Terminal Developer Productivity","San Francisco, Seattle, Remote in US",https://boards.greenhouse.io/stripe
Stripe,"Android Engineer, Terminal OS Platform","San Francisco, Seattle, Remote in US or Canada",https://boards.greenhouse.io/stripe
Stripe,APAC Partner Marketing Lead,"Singapore, Sydney",https://boards.greenhouse.io/stripe
Stripe,APAC Product Lead,Singapore,https://boards.greenhouse.io/stripe
Stripe,"Backend/ API Engineer, Bank Transfers",United Kingdom ,https://boards.greenhouse.io/stripe
Stripe,"Backend/API Engineer, Money as a Service",US,https://boards.greenhouse.io/stripe
Stripe,"Backend/API Engineer, Money as a Service (Canada)",Canada,https://boards.greenhouse.io/stripe
Stripe,"Backend / API Engineer, Payouts",United Kingdom,https://boards.greenhouse.io/stripe
Stripe,"Backend / API Engineer, Privacy Products","San Francisco, Seattle",https://boards.greenhouse.io/stripe
Stripe,"Backend Engineer/API, Payments and Risk","Toronto, Canada Remote",https://boards.greenhouse.io/stripe
Stripe,"Backend Engineer/API, Payments and Risk","Dublin, Ireland",https://boards.greenhouse.io/stripe
Stripe,"Backend Engineer, Core Technology",Dublin,https://boards.greenhouse.io/stripe
Stripe,"Backend Engineer, Core Technology","Bucharest, Romania ",https://boards.greenhouse.io/stripe
Stripe,"Backend Engineer, Core Technology","Seattle, San Francisco, US-Remote",https://boards.greenhouse.io/stripe
Stripe,"Backend Engineer, Data",Canada,https://boards.greenhouse.io/stripe
Stripe,"Backend Engineer, DEeP","Toronto Canada, San Francisco, Remote in US, Remote in Canada",https://boards.greenhouse.io/stripe
Stripe,"Backend Engineer, Payments and Risk",US,https://boards.greenhouse.io/stripe
Stripe,"Backend Engineer, Payments and Risk",US,https://boards.greenhouse.io/stripe
Stripe,"Backend Engineer, Revenue and Financial Automation","Toronto, CAN-Remote",https://boards.greenhouse.io/stripe
Stripe,"Backend Engineer, UI Services",Barcelona,https://boards.greenhouse.io/stripe
Stripe,"Bank Account Management Specialist, Treasury Operations",IN-Bengaluru,https://boards.greenhouse.io/stripe
Stripe,Billing Solutions Architect,"London, Dublin, Berlin",https://boards.greenhouse.io/stripe
Stripe,Billing Solutions Architect ,SF,https://boards.greenhouse.io/stripe
Stripe,"Brand Designer, Link",Canada,https://boards.greenhouse.io/stripe
Stripe,Bridge Data & Finance Analyst,San Francisco,https://boards.greenhouse.io/stripe
Stripe,Bridge - Operations Associate ,Bengaluru,https://boards.greenhouse.io/stripe
Stripe,"Bridge - Operations Associate, Financial Crimes (AML Investigations)",Mexico City,https://boards.greenhouse.io/stripe
Stripe,Broadcast Engineer,"San Francisco, CA ",https://boards.greenhouse.io/stripe
Stripe,"BSA Officer, US",United States,https://boards.greenhouse.io/stripe
Stripe,"Business Development Manager, Agentic Commerce","San Francisco, CA; Seattle, WA",https://boards.greenhouse.io/stripe
Stripe,"Business Development Manager, Agentic Commerce",San Francisco,https://boards.greenhouse.io/stripe
Stripe,"Business Development Manager, Developer Platforms","SF, NYC, Seattle, Remote",https://boards.greenhouse.io/stripe
Stripe,"Business Operations - Support, Bridge",San Francisco or New York,https://boards.greenhouse.io/stripe
Stripe,Business Partner Analyst,Chicago- New York City- San Francisco or Seattle,https://boards.greenhouse.io/stripe
Stripe,Business Partner Analyst,"Dublin, Ireland",https://boards.greenhouse.io/stripe
Stripe,Business Recruiter (Fixed Term Contract),London,https://boards.greenhouse.io/stripe
Stripe,Business Recruiter (Fixed Term Contract),"Chicago, Atlanta",https://boards.greenhouse.io/stripe
Stripe,Business Recruiter (Fixed Term Contract),"Chicago, IL",https://boards.greenhouse.io/stripe
Stripe,Business Systems Analyst - Legal Domain,Bangalore,https://boards.greenhouse.io/stripe
Stripe,Business Value Consulting,US-SF,https://boards.greenhouse.io/stripe
Stripe,Capital & Liquidity Risk Lead,New York,https://boards.greenhouse.io/stripe
Stripe,"Channel Program Lead, Alliances & Channels","SEA, SF, or NYC",https://boards.greenhouse.io/stripe
Stripe,"Channel Sales Manager, Benelux",LOCATION,https://boards.greenhouse.io/stripe
Stripe,"Channel Sales Manager, Italy","Milan, Italy",https://boards.greenhouse.io/stripe
Stripe,"Chief Operating Officer (COO) & Deputy Trust Officer, Bridge","San Francisco, New York, Seattle",https://boards.greenhouse.io/stripe
Stripe,Client Onboarding Integration Engineer,"Toronto, CA; Chicago, IL ",https://boards.greenhouse.io/stripe
Stripe,Collections Specialist,Mexico,https://boards.greenhouse.io/stripe
Stripe,Commercial Counsel,"Mexico City, MX",https://boards.greenhouse.io/stripe
Stripe,"Commercial Counsel, Crypto","New York City, Seattle, San Francisco, Chicago, Atlanta, US-Remote",https://boards.greenhouse.io/stripe
Stripe,Commercial Solutions Program Manager,"Chicago, IL , Remote",https://boards.greenhouse.io/stripe
Stripe,Company Strategy & Operations,"San Francisco, Seattle, Chicago, US-remote, New York",https://boards.greenhouse.io/stripe
Stripe,Compensation Analyst,"US-Remote, Toronto",https://boards.greenhouse.io/stripe
Stripe,"Compensation Partner, Product & Engineering","NYC, San Francisco, Seattle",https://boards.greenhouse.io/stripe
Stripe,Content Activation Lead,"US Remote, CHI, ATL",https://boards.greenhouse.io/stripe
Stripe,"Content Marketing Lead, Bridge",San Francisco or New York,https://boards.greenhouse.io/stripe
Stripe,Contracting Operations Specialist,Bengaluru,https://boards.greenhouse.io/stripe
Stripe,Corporate Paralegal,"SF Bay Area, US-National",https://boards.greenhouse.io/stripe
Stripe,Credit Risk Associate,Bangalore ,https://boards.greenhouse.io/stripe
Stripe,Credit Risk Operations Associate (CDMX),Mexico,https://boards.greenhouse.io/stripe
Stripe,"Credit Risk Strategist, Risk Foundations","Chicago, US-Remote, Toronto",https://boards.greenhouse.io/stripe
Stripe,Crypto Accounting Team Lead,"San Francisco, Seattle",https://boards.greenhouse.io/stripe
Stripe,Crypto Product Accountant,"SF, SEA",https://boards.greenhouse.io/stripe
Stripe,"Customer Success Manager, Enterprise","Atlanta, GA; Chicago, IL ",https://boards.greenhouse.io/stripe
Stripe,Customer Success Manager (Japan),Japan,https://boards.greenhouse.io/stripe
Stripe,Customer Success Manager (Mandarin Speaking),Singapore,https://boards.greenhouse.io/stripe
Stripe,Cyber Intelligence Researcher,N/A,https://boards.greenhouse.io/stripe
Stripe,Data Analyst,US,https://boards.greenhouse.io/stripe
Stripe,Data Analyst,Canada,https://boards.greenhouse.io/stripe
Stripe,Data Analyst,London,https://boards.greenhouse.io/stripe
Stripe,"Data Analyst, Intern (Master's degree)","Toronto, Ontario, Canada",https://boards.greenhouse.io/stripe
Stripe,Data Governance Lead,Remote US,https://boards.greenhouse.io/stripe
Stripe,Data Migrations Specialist,"Dublin, Ireland",https://boards.greenhouse.io/stripe
Stripe,Data Recruiter (Fixed Term Contract) ,"US-Remote, Toronto",https://boards.greenhouse.io/stripe
Stripe,Data Scientist,Toronto,https://boards.greenhouse.io/stripe
Stripe,"Data Scientist, EMEA",London,https://boards.greenhouse.io/stripe
Stripe,Deal Pricing Lead - EMEA,Dublin,https://boards.greenhouse.io/stripe
Stripe,Deal Strategist,"Chicago, Remote",https://boards.greenhouse.io/stripe
Stripe,"Demand Generation Manager, Enterprise EMEA",London,https://boards.greenhouse.io/stripe
Stripe,Demo Engineer ,San Francisco ,https://boards.greenhouse.io/stripe
Stripe,"Design Engineer, Expansion",US,https://boards.greenhouse.io/stripe
Stripe,"Design Engineer, Presence","US, Canada",https://boards.greenhouse.io/stripe
Stripe,"Developer Experience Engineer, Privy","NYC-Privy, US-Remote",https://boards.greenhouse.io/stripe
Stripe,"Developer Support Engineer, Privy","San Francisco, Bridge HQ",https://boards.greenhouse.io/stripe
Stripe,"EMEA GTM Lead, Financial Services and Insurance",London,https://boards.greenhouse.io/stripe
Stripe,Employee Relations Partner,Mexico City,https://boards.greenhouse.io/stripe
Stripe,Employment Counsel ,US-Remote,https://boards.greenhouse.io/stripe
Stripe," Engineering Manager, Accounting Products",Bengaluru,https://boards.greenhouse.io/stripe
Stripe,Engineering Manager - Collaboration Tools,Dublin,https://boards.greenhouse.io/stripe
Stripe,"Engineering Manager , Data Engineering Solutions",Bengaluru,https://boards.greenhouse.io/stripe
Stripe,"Engineering Manager, Disputes Foundation",Singapore,https://boards.greenhouse.io/stripe
Stripe,"Engineering Manager, Money Management Expansion",Singapore,https://boards.greenhouse.io/stripe
Stripe,"Engineering Manager of Managers, Document Databases",N/A,https://boards.greenhouse.io/stripe
Stripe,Engineering Manager - Onboarding Journeys,Dublin ,https://boards.greenhouse.io/stripe
Stripe,"Engineering Manager, Operator Tooling",N/A,https://boards.greenhouse.io/stripe
Stripe,"Engineering Manager, Privy ",New York Privy HQ,https://boards.greenhouse.io/stripe
Stripe,"Engineering Manager, Product and Business",Canada,https://boards.greenhouse.io/stripe
Stripe,"Engineering Manager, Product and Business",AMER - US ,https://boards.greenhouse.io/stripe
Stripe,"Engineering Manager, Sales Systems",Bengaluru,https://boards.greenhouse.io/stripe
Stripe,"Engineering Manager, Tax Capabilities ",Dublin ,https://boards.greenhouse.io/stripe
Stripe,Enterprise Field Marketing Manager UK,London,https://boards.greenhouse.io/stripe
Stripe,Enterprise Integration Engineer,"Mexico City, MX",https://boards.greenhouse.io/stripe
Stripe,Enterprise Services Manager,Melbourne,https://boards.greenhouse.io/stripe
Stripe,"Enterprise Solutions Architecture Manager, AMER","San Francisco, CA",https://boards.greenhouse.io/stripe
Stripe,"Events Manager, Event Technology and Registration",Remote US,https://boards.greenhouse.io/stripe
Stripe,Executive Briefing Center (EBC) Content Lead,SF,https://boards.greenhouse.io/stripe
Stripe,Executive Engagement Manager,South San Francisco,https://boards.greenhouse.io/stripe
Stripe,"Finance and Strategy Partner, Finance, Corporate Development & Communications","San Francisco, New York City",https://boards.greenhouse.io/stripe
Stripe,"Finance and Strategy Partner, GTM","Chicago, San Francisco, Seattle, New York City",https://boards.greenhouse.io/stripe
Stripe,Finance & Strategy Analyst,"San Francisco, New York City, Seattle",https://boards.greenhouse.io/stripe
Stripe,Finance & Strategy Analyst,Bengaluru,https://boards.greenhouse.io/stripe
Stripe,Finance Systems Solutions Architect - Anaplan ,Bangalore,https://boards.greenhouse.io/stripe
Stripe,Financial Data Analyst,"Dublin, Ireland",https://boards.greenhouse.io/stripe
Stripe,Financial Data Analyst Manager,Bengaluru,https://boards.greenhouse.io/stripe
Stripe,"Financial Data Analyst, Payments Health ",Toronto ,https://boards.greenhouse.io/stripe
Stripe,Financial Data Analyst - Regulatory and Compliance Engineering,Bengaluru,https://boards.greenhouse.io/stripe
Stripe,"Financial Data Analyst, SDC",Bengaluru,https://boards.greenhouse.io/stripe
Stripe,"Financial Data Analyst, Technical Operations","Dublin, Ireland",https://boards.greenhouse.io/stripe
Stripe,Financial Data Analyst-User Billing,Bengaluru,https://boards.greenhouse.io/stripe
Stripe,Financial Reporting and Corporate Accounting,"US-SEA, US-SF",https://boards.greenhouse.io/stripe
Stripe,Food Experience Manager,Bangalore,https://boards.greenhouse.io/stripe
Stripe,"Forward Deployed Engineer, Privy",New York Privy HQ,https://boards.greenhouse.io/stripe
Stripe,"Founding Product Marketer, Privy",NYC-Privy,https://boards.greenhouse.io/stripe
Stripe,Fraud Operations Associate SDC,Mexico City,https://boards.greenhouse.io/stripe
Stripe,Fraud Operations Manager,Bengaluru,https://boards.greenhouse.io/stripe
Stripe,Fraud Operations Team Lead,Bengaluru,https://boards.greenhouse.io/stripe
Stripe,Fraud Strategist,"(US-Remote, CHI, ATL, Toronto, Canada Remote)",https://boards.greenhouse.io/stripe
Stripe,"Frontend Engineering Manager, Payments","Seattle, San Francisco",https://boards.greenhouse.io/stripe
Stripe,"Full Stack Engineer, Collaboration",N/A,https://boards.greenhouse.io/stripe
Stripe,"Full Stack Engineer, Collaboration",N/A,https://boards.greenhouse.io/stripe
Stripe,"Full Stack Engineer, Developer Experience & Product Platform",N/A,https://boards.greenhouse.io/stripe
Stripe,"Full Stack Engineer, Developer Experience & Product Platform",NA,https://boards.greenhouse.io/stripe
Stripe,"Full Stack Engineer, Enterprise & Ecosystem","Toronto, Canada",https://boards.greenhouse.io/stripe
Stripe,"Full Stack Engineer, Link","Toronto, Remote in Canada",https://boards.greenhouse.io/stripe
Stripe,"Full Stack Engineer, Money as a Service",N/A,https://boards.greenhouse.io/stripe
Stripe,"Full Stack Engineer, Money as a Service",N/A,https://boards.greenhouse.io/stripe
Stripe,"Full Stack Engineer, Payments and Risk","Dublin, Ireland",https://boards.greenhouse.io/stripe
Stripe,"Full Stack Engineer, Revenue and Finance Automation",Barcelona ,https://boards.greenhouse.io/stripe
Stripe,"Full Stack Engineer, Revenue and Finance Automation",Dublin,https://boards.greenhouse.io/stripe
Stripe,"Full Stack Engineer, Revenue & Finance Automation",N/A,https://boards.greenhouse.io/stripe
Stripe,"Full Stack Engineer, Revenue & Finance Automation",N/A,https://boards.greenhouse.io/stripe
Stripe,"Full Stack Engineer, Web Presence and Platform",N/A,https://boards.greenhouse.io/stripe
Stripe,"Global Head of Specialist Solutions Architecture, Revenue",SF,https://boards.greenhouse.io/stripe
Stripe,Global Payroll Partner,Bangalore,https://boards.greenhouse.io/stripe
Stripe,Global People Support - Team Lead,Bengaluru,https://boards.greenhouse.io/stripe
Stripe,Global Procurement Center Manager,Bengaluru,https://boards.greenhouse.io/stripe
Stripe,"Global Strategic Alliances, Accenture AMER Lead",US-SF,https://boards.greenhouse.io/stripe
Stripe,"Global Strategic Alliances, Embedded Solutions Lead ",US-SF,https://boards.greenhouse.io/stripe
Stripe,"Global Strategic Alliances Lead, Agentic Commerce and Retail Industry","SF, Seattle, New York, Chicago",https://boards.greenhouse.io/stripe
Stripe,"Global Strategic Alliances Lead, Insurance Industry","SF, Seattle, New York, Chicago",https://boards.greenhouse.io/stripe
Stripe,Go-to-Market Recruiter (Fixed Term Contract),"San Francisco, Seattle, New York City",https://boards.greenhouse.io/stripe
Stripe,Go-To-Market Recruiter (Fixed Term Contract),Chicago,https://boards.greenhouse.io/stripe
Stripe,"Growth Marketing Manager, Lifecycle",US Remote,https://boards.greenhouse.io/stripe
Stripe,GTM Accelerate Manager,Bengaluru,https://boards.greenhouse.io/stripe
Stripe,GTM Finance & Strategy Sales Manager,"San Francisco, Seattle",https://boards.greenhouse.io/stripe
Stripe,GTM Industry Strategy & Insights ,Dublin,https://boards.greenhouse.io/stripe
Stripe,"GTM OPs, Data Analyst",Mexico,https://boards.greenhouse.io/stripe
Stripe,Head of Compensation Design,"US-Remote, Toronto, Chicago, Atlanta",https://boards.greenhouse.io/stripe
Stripe,"Head of Consumer Marketing, Link","NYC, Seattle, SF, Chicago, Remote-US/CA",https://boards.greenhouse.io/stripe
Stripe,Head of EDD & Client Oversight,"Dublin, London",https://boards.greenhouse.io/stripe
Stripe,Head of Global Equity Administration,US-Remote,https://boards.greenhouse.io/stripe
Stripe,Head of Global Finance and Accounting Operations,Bengaluru,https://boards.greenhouse.io/stripe
Stripe,Head of India Marketing,Bengaluru,https://boards.greenhouse.io/stripe
Stripe,Head of Monetization and Contract Success (MACS),SEA,https://boards.greenhouse.io/stripe
Stripe,"Head of Payments Performance, Americas","Chicago, IL; Atlanta, GA",https://boards.greenhouse.io/stripe
Stripe,"Head of Product Sales, Optimized Checkout ","SF, NYC",https://boards.greenhouse.io/stripe
Stripe,"Head of Solutions Architecture, France & DACH Large User",LOCATION,https://boards.greenhouse.io/stripe
Stripe,Head of Technology & Workplace Strategic Sourcing,"US (Remote), SF, SEA, CHI, NYC",https://boards.greenhouse.io/stripe
Stripe,Head of User Content Studio,SF,https://boards.greenhouse.io/stripe
Stripe,Implementation Consultant,Mexico City,https://boards.greenhouse.io/stripe
Stripe,"Implementation Consultant, Stripe Accelerate",Sydney,https://boards.greenhouse.io/stripe
Stripe,"Implementation Specialist, Bridge",Mexico,https://boards.greenhouse.io/stripe
Stripe,Industry Strategist - Public Sector,"CHI, Remote",https://boards.greenhouse.io/stripe
Stripe,"Integration Engineering Manager, Professional Services",United States,https://boards.greenhouse.io/stripe
Stripe,Integration Engineer (Japan),Tokyo,https://boards.greenhouse.io/stripe
Stripe,"Integration Engineer, Professional Services","Toronto, Canada",https://boards.greenhouse.io/stripe
Stripe,"Integration Reliability Engineer, Technical Operations",Singapore,https://boards.greenhouse.io/stripe
Stripe,"Integration Reliability Engineer, Technical Operations",Dublin,https://boards.greenhouse.io/stripe
Stripe,"Integration Reliability Engineer, Technical Operations, Cards","Toronto, Remote in Canada",https://boards.greenhouse.io/stripe
Stripe,"Integration Reliability Engineer, Technical Operations, Commerce Systems",Toronto,https://boards.greenhouse.io/stripe
Stripe,"Integration Reliability Engineer, Technical Operations, Local Payment Methods","Toronto, Remote in Canada",https://boards.greenhouse.io/stripe
Stripe,Internal Audit - Data Analytics,"Bengaluru, Singapore",https://boards.greenhouse.io/stripe
Stripe,"Internal Audit, Head of APAC Audit",Singapore,https://boards.greenhouse.io/stripe
Stripe,International Corporate Governance Counsel,"Dublin, London",https://boards.greenhouse.io/stripe
Stripe,IP Counsel,US-Remote,https://boards.greenhouse.io/stripe
Stripe,IT Support Engineer,Singapore,https://boards.greenhouse.io/stripe
Stripe,KYC Operations Associate,LOCATION,https://boards.greenhouse.io/stripe
Stripe,Launch Integration Engineer,"Toronto, CA",https://boards.greenhouse.io/stripe
Stripe,"Launch Manager, EMEA",Dublin,https://boards.greenhouse.io/stripe
Stripe,Launch Solutions Architect,Chicago,https://boards.greenhouse.io/stripe
Stripe,Leadership Onboarding Partner,San Francisco,https://boards.greenhouse.io/stripe
Stripe,"Legal Counsel, EMEA Marketing","Dublin, London",https://boards.greenhouse.io/stripe
Stripe,Legal Entity Controller,Bangalore,https://boards.greenhouse.io/stripe
Stripe,"Loss Accounting, Operational & Analytics","Seattle, San Francisco ",https://boards.greenhouse.io/stripe
Stripe,"Machine Learning Engineer, Foundation Model",US - San Francisco; Seattle; New York City,https://boards.greenhouse.io/stripe
Stripe,"Machine Learning Engineer, Identity Product","San Francisco, Seattle",https://boards.greenhouse.io/stripe
Stripe,"Machine Learning Engineer, Payments ML Accelerator",Seattle; San Francisco; New York City,https://boards.greenhouse.io/stripe
Stripe,"Manager, Billing Sales (Enterprise)",US-SF-HQ,https://boards.greenhouse.io/stripe
Stripe,"Manager, Customer Success Management",London,https://boards.greenhouse.io/stripe
Stripe,"Manager, Data Analytics",Mexico City,https://boards.greenhouse.io/stripe
Stripe,"Manager, Financial Crimes (AML)",Mexico City,https://boards.greenhouse.io/stripe
Stripe,"Manager, Product Sales -  Managed Payments ","NYC, SF",https://boards.greenhouse.io/stripe
Stripe,"Manager, Product Support Operations",Mexico City,https://boards.greenhouse.io/stripe
Stripe,"Manager, Product Support Operations - Top Startups",Mexico City,https://boards.greenhouse.io/stripe
Stripe,"Manager, Risk Operations Technical Programs",US-Remote,https://boards.greenhouse.io/stripe
Stripe,"Manager, Sales Development",Chicago,https://boards.greenhouse.io/stripe
Stripe,"Manager, Sales Development",Dublin ,https://boards.greenhouse.io/stripe
Stripe,"Manager, SMB Account Executives - Existing Business",Chicago,https://boards.greenhouse.io/stripe
Stripe,"Manager, Startups Account Executives - Existing Business",Chicago,https://boards.greenhouse.io/stripe
Stripe,"Manager, Technical Account Management",Toronto ,https://boards.greenhouse.io/stripe
Stripe,"Manager, Velocity Platforms Account Executives - Existing Business",Chicago,https://boards.greenhouse.io/stripe
Stripe,"Manager, Velocity Platforms Account Executives - New Business",Chicago,https://boards.greenhouse.io/stripe
Stripe,Marketing Operations Associate (Automation),"Bengaluru, India",https://boards.greenhouse.io/stripe
Stripe,Marketing Operations Specialist (Lead Generation),Bangalore,https://boards.greenhouse.io/stripe
Stripe,"Marketing Services Program Manager, Global",US National,https://boards.greenhouse.io/stripe
Stripe,Monetization Operation Analyst,Bengaluru,https://boards.greenhouse.io/stripe
Stripe,"Operations Associate, Financial Crimes (AML Investigations)",Mexico City,https://boards.greenhouse.io/stripe
Stripe,"Operations Associate, Financial Crimes Bridge KYB",Mexico City,https://boards.greenhouse.io/stripe
Stripe,"Operations Associate, Financial Crimes EDD/PEP",Mexico City ,https://boards.greenhouse.io/stripe
Stripe,"Operations Associate, GTM Accelerate",Dublin,https://boards.greenhouse.io/stripe
Stripe,"Operations Associate, GTM Onboarding Specialist",Mexico,https://boards.greenhouse.io/stripe
Stripe,"Operations Associate (IND), Sanctions",Bengaluru,https://boards.greenhouse.io/stripe
Stripe,"Operations Associate, Managed Support",Mexico City,https://boards.greenhouse.io/stripe
Stripe,"Operations Associate, New Grad","Bengaluru, India",https://boards.greenhouse.io/stripe
Stripe,"Operations Associate, New Grad (Mexico)","Mexico City, Mexico",https://boards.greenhouse.io/stripe
Stripe,"Operations Associate, Sanctions",Mexico City,https://boards.greenhouse.io/stripe
Stripe,"Operations Associate, Sanctions",Bengaluru,https://boards.greenhouse.io/stripe
Stripe,"Operations Manager, Enhanced Due Diligence",Mexico City,https://boards.greenhouse.io/stripe
Stripe,"Operations Manager, GTM Accelerate",Dublin,https://boards.greenhouse.io/stripe
Stripe,Operations Recruiter ,Mexico City,https://boards.greenhouse.io/stripe
Stripe,"Operations Specialist, Product Support",MX - Mexico City,https://boards.greenhouse.io/stripe
Stripe,Oracle Fusion apps-Techno functional consultant,Bengaluru,https://boards.greenhouse.io/stripe
Stripe,"Partner Development Manager, Ecosystem Product",US-Remote; US-San Francisco; US-NYC; US-Seattle; Canada-Toronto; Canada-Remote,https://boards.greenhouse.io/stripe
Stripe,"Partner Development Manager, Enterprise",Dublin,https://boards.greenhouse.io/stripe
Stripe,"Partner Development Manager, Financial Partnership Capabilities ",AMER,https://boards.greenhouse.io/stripe
Stripe,Partner Sales Manager (Australia),Sydney,https://boards.greenhouse.io/stripe
Stripe,"Partner Sales Manager - SaaS Platforms, Ireland",LOCATION,https://boards.greenhouse.io/stripe
Stripe,"Partnerships, Bridge",San Francisco or New York,https://boards.greenhouse.io/stripe
Stripe,Partner Solutions Architect,Chicago or Atlanta,https://boards.greenhouse.io/stripe
Stripe,Payments Analyst,"Bengaluru, India",https://boards.greenhouse.io/stripe
Stripe,Payments Fraud Investigator,Dublin,https://boards.greenhouse.io/stripe
Stripe, Payments Performance Strategist,Singapore,https://boards.greenhouse.io/stripe
Stripe,Payments Performance Strategist,"Chicago, IL; Atlanta, GA; US-Remote; San Francisco, CA; New York; NY ",https://boards.greenhouse.io/stripe
Stripe,People Consultant,Toronto,https://boards.greenhouse.io/stripe
Stripe,People Operations Associate ,Bengaluru,https://boards.greenhouse.io/stripe
Stripe,People Partner,"San Francisco, Seattle",https://boards.greenhouse.io/stripe
Stripe,"People Partner, Technology","San Francisco, Seattle",https://boards.greenhouse.io/stripe
Stripe,"PhD Data Scientist, Intern","Toronto, Ontario, Canada",https://boards.greenhouse.io/stripe
Stripe,"PhD Machine Learning Engineer, Intern","San Francisco, New York City, Seattle",https://boards.greenhouse.io/stripe
Stripe,"PhD Machine Learning Engineer, New Grad","San Francisco, New York City, Seattle",https://boards.greenhouse.io/stripe
Stripe,Policy Enforcement Strategist ,Dublin,https://boards.greenhouse.io/stripe
Stripe,"Principal Customer Success Manager, Enterprise","Seattle, WA",https://boards.greenhouse.io/stripe
Stripe,"Principal Customer Success Manager, Enterprise","San Francisco, CA; New York, NY; Atlanta, GA; Chicago, IL",https://boards.greenhouse.io/stripe
Stripe,"Principal Customer Success Manager, Platforms ","San Francisco, CA; New York, NY; Atlanta, GA; Chicago, IL",https://boards.greenhouse.io/stripe
Stripe,Procurement Operations Partner,Bengaluru,https://boards.greenhouse.io/stripe
Stripe,"Producer, Breakout and Keynote",Remote in United States,https://boards.greenhouse.io/stripe
Stripe,Product Communications: crypto and emerging payments products,SF,https://boards.greenhouse.io/stripe
Stripe,"Product Counsel, Crypto and Money Movement Legal","London, Dublin",https://boards.greenhouse.io/stripe
Stripe,Product Designer,US / Canada,https://boards.greenhouse.io/stripe
Stripe,"Product Designer, Issuing",Canada,https://boards.greenhouse.io/stripe
Stripe,"Product Designer, Payments",Canada,https://boards.greenhouse.io/stripe
Stripe,Production Design Operations Associate,Bengaluru,https://boards.greenhouse.io/stripe
Stripe,"Product Lead, Connect","SF, NYC, SEA",https://boards.greenhouse.io/stripe
Stripe,"Product Manager, AMER Cards","SF, NY, SEA, US-Remote",https://boards.greenhouse.io/stripe
Stripe,"Product Manager, Banking as a Service",Chicago / Remote,https://boards.greenhouse.io/stripe
Stripe,"Product Manager, Bridge",New York or San Francisco,https://boards.greenhouse.io/stripe
Stripe,"Product Manager, Card Costs and Settlement","SF, NY, SEA, US-Remote",https://boards.greenhouse.io/stripe
Stripe,"Product Manager, Cards Pricing","SF, NY, SEA, US-Remote",https://boards.greenhouse.io/stripe
Stripe,"Product Manager, Cards Vault","SF, SEA, US-Remote (West)",https://boards.greenhouse.io/stripe
Stripe,"Product Manager, Compliance Platform",Hawaii,https://boards.greenhouse.io/stripe
Stripe,"Product Manager, Compliance Platform","San Francisco, Seattle, New York, US - Remote",https://boards.greenhouse.io/stripe
Stripe,"Product Manager, Connect",London,https://boards.greenhouse.io/stripe
Stripe,"Product Manager, Financial Connections — Merchant Experience","SF, SEA, NY",https://boards.greenhouse.io/stripe
Stripe,"Product Manager, Local Payment Methods",New York,https://boards.greenhouse.io/stripe
Stripe,"Product Manager, Local Payment Methods EMEA",Dublin,https://boards.greenhouse.io/stripe
Stripe,"Product Manager, Local Payment Methods EMEA",Barcelona,https://boards.greenhouse.io/stripe
Stripe,"Product Manager, ML Foundations and GenAI","Seattle, San Francisco, New York, US - Remote",https://boards.greenhouse.io/stripe
Stripe,"Product Manager, Payment Records Platform","SF, NY, SEA, Remote-US",https://boards.greenhouse.io/stripe
Stripe,"Product Manager, Payments Intelligence",United States,https://boards.greenhouse.io/stripe
Stripe,"Product Manager, Payments Intelligence",US,https://boards.greenhouse.io/stripe
Stripe,"Product Manager, Risk UX",Dublin,https://boards.greenhouse.io/stripe
Stripe,"Product Manager, Seller Systems","SF, SEA, NYC, US-Remote",https://boards.greenhouse.io/stripe
Stripe,"Product Manager, Stripe Infrastructure",Remote in the US,https://boards.greenhouse.io/stripe
Stripe,"Product Manager, Support Products - Support Experience",Dublin,https://boards.greenhouse.io/stripe
Stripe,"Product Manager, Terminal Device Expansion","Seattle, San Francisco, New York",https://boards.greenhouse.io/stripe
Stripe,"Product Manager, Usage Based Billing","San Francisco, New York, Seattle, Chicago",https://boards.greenhouse.io/stripe
Stripe,"Product Marketing Lead, Fraud and Risk",US,https://boards.greenhouse.io/stripe
Stripe,"Product Marketing Lead, Terminal",US,https://boards.greenhouse.io/stripe
Stripe,Product Marketing Manager,"San Francisco, New York, Seattle, Chicago, Remote, Toronto",https://boards.greenhouse.io/stripe
Stripe,"Product Marketing Manager, AI Industry","Remote, NYC, SF, Seattle, Chicago, Toronto",https://boards.greenhouse.io/stripe
Stripe,"Product Marketing Manager, Stripe Billing","Remote US, Canada",https://boards.greenhouse.io/stripe
Stripe,"Product Marketing, Velocity (Mid-market & SMB) Segment",Remote US,https://boards.greenhouse.io/stripe
Stripe,Product Operations Program Manager,"CHI, ATL, US-Remote",https://boards.greenhouse.io/stripe
Stripe,Product Pricing Strategist,US,https://boards.greenhouse.io/stripe
Stripe,Product Sales Finance & Strategy Lead,"San Francisco, Seattle, New York",https://boards.greenhouse.io/stripe
Stripe,"Product Sales Manager, Capital","NYC, SF",https://boards.greenhouse.io/stripe
Stripe,"Product Support, Bridge",San Francisco or New York,https://boards.greenhouse.io/stripe
Stripe,Product Support Manager,Singapore,https://boards.greenhouse.io/stripe
Stripe,"Product Support Operations Associate, Weekend Shift ",Bengaluru,https://boards.greenhouse.io/stripe
Stripe,"Product Support Operations, Team Lead",Bengaluru,https://boards.greenhouse.io/stripe
Stripe,Product Support Specialist,Singapore,https://boards.greenhouse.io/stripe
Stripe,"Professional Services Strategy & Operations, Analyst","Berlin, Madrid, Dublin",https://boards.greenhouse.io/stripe
Stripe,"Program Manager, Card Network Office (CNO) ","USA - San Francisco, Seattle, New York (office) or remote",https://boards.greenhouse.io/stripe
Stripe,"Program Manager, Enterprise Servicing ",U.S. ,https://boards.greenhouse.io/stripe
Stripe,"Program Manager, Risk Ops Enablement",US-Remote,https://boards.greenhouse.io/stripe
Stripe,"Program Manager, Risk Ops Enablement",IE-Dublin,https://boards.greenhouse.io/stripe
Stripe,"Program Manager, Solutions Architecture","Chicago, Atlanta, US-Remote",https://boards.greenhouse.io/stripe
Stripe,"Program Manager, Solutions Architecture (Product Interlock)",Chicago,https://boards.greenhouse.io/stripe
Stripe,Program Manager - TechOps,Bengaluru,https://boards.greenhouse.io/stripe
Stripe,"Program Manager, Third Party Regulatory Risk","Dublin, London, Remote",https://boards.greenhouse.io/stripe
Stripe,"Project Manager, Fraud Operations",Mexico City,https://boards.greenhouse.io/stripe
Stripe,"Project Manager, Performance","SF, SEA, CHI, NYC",https://boards.greenhouse.io/stripe
Stripe,Proposal Lead,US-Remote,https://boards.greenhouse.io/stripe
Stripe,"Recruiter, Bridge",San Francisco,https://boards.greenhouse.io/stripe
Stripe,Recruiter (DASH) - (Fixed Term Contract),"Chicago, Atlanta",https://boards.greenhouse.io/stripe
Stripe,"Recruiter, Privy ",NYC,https://boards.greenhouse.io/stripe
Stripe,Recruiting Coordinator (FTE),Singapore,https://boards.greenhouse.io/stripe
Stripe,"Recruiting Coordinator Manager, EMEA/APAC",Dublin,https://boards.greenhouse.io/stripe
Stripe,"Recruiting Manager, SDC Operations","Mexico City, MX",https://boards.greenhouse.io/stripe
Stripe,"Recruiting Program Manager, Centralized Operations","SF, NYC, CHI, SEA",https://boards.greenhouse.io/stripe
Stripe,"Recruiting Program Manager, Tech Recruiting","SF, NYC, CHI, SEA",https://boards.greenhouse.io/stripe
Stripe,Recruiting Scheduler,NYC,https://boards.greenhouse.io/stripe
Stripe,Regulatory Counsel,Remote US and Canada,https://boards.greenhouse.io/stripe
Stripe,Regulatory Reporting Analyst,Bengaluru,https://boards.greenhouse.io/stripe
Stripe,Resource Planning Manager - Professional Services,Dublin,https://boards.greenhouse.io/stripe
Stripe,Risk & Control Health Data Analyst,US-Remote,https://boards.greenhouse.io/stripe
Stripe,Risk Operations Analyst,Remote,https://boards.greenhouse.io/stripe
Stripe,"Risk Operations Analyst, Financial Crimes",Dublin,https://boards.greenhouse.io/stripe
Stripe,Risk Operations Associate ,Bengaluru,https://boards.greenhouse.io/stripe
Stripe,"Risk Operations Associate (CDMX), User Policy Operations (UPO)",Mexico City,https://boards.greenhouse.io/stripe
Stripe,"Risk Operations Manager, Verifications",Mexico City,https://boards.greenhouse.io/stripe
Stripe,Risk Partnerships Manager,Singapore,https://boards.greenhouse.io/stripe
Stripe,Risk Partnerships Manager - Banks & Treasury,"US Remote or Toronto, CA",https://boards.greenhouse.io/stripe
Stripe,SaaS Operations Engineer,Dublin ,https://boards.greenhouse.io/stripe
Stripe,SaaS Platforms Solutions Architecture Manager,"Chicago, IL",https://boards.greenhouse.io/stripe
Stripe,Sales Development Associate (German speaking) ,Dublin,https://boards.greenhouse.io/stripe
Stripe,Sales Development Representative,"Singapore, Tokyo, Sydney, Bangkok",https://boards.greenhouse.io/stripe
Stripe,Sales Development Representative,"Chicago, Illinois",https://boards.greenhouse.io/stripe
Stripe,"Sales Development Representative, AUNZ","Sydney, Australia",https://boards.greenhouse.io/stripe
Stripe,"Sales Development Representative, Bridge",San Francisco or New York,https://boards.greenhouse.io/stripe
Stripe,Sales Development Representative (Dutch-speaking),Dublin ,https://boards.greenhouse.io/stripe
Stripe,"Sales Development Representative, Japan","Tokyo, Japan",https://boards.greenhouse.io/stripe
Stripe,"Sales Development Representative, Korean-speaking",Singapore,https://boards.greenhouse.io/stripe
Stripe,"Sales Development Representative, Spanish",Dublin,https://boards.greenhouse.io/stripe
Stripe,"Sales Development Representative, SSMBs SEA",Singapore,https://boards.greenhouse.io/stripe
Stripe,Sales Enablement & Training Specialist,SF,https://boards.greenhouse.io/stripe
Stripe,"Sales Manager, Enterprise, Japan",Tokyo,https://boards.greenhouse.io/stripe
Stripe,"Sales Manager, Enterprise Platforms; Hunter Team","San Francisco, CA",https://boards.greenhouse.io/stripe
Stripe,Sales Manager Existing Business,US,https://boards.greenhouse.io/stripe
Stripe,"Sales Manager, Existing Business (France)",Paris,https://boards.greenhouse.io/stripe
Stripe,"Sales Manager, Mid Market",Chicago,https://boards.greenhouse.io/stripe
Stripe,"Sales Manager, Platforms (Existing Business)",US-SF,https://boards.greenhouse.io/stripe
Stripe,"Sales Manager, Platforms (Existing Business)",US-NYC,https://boards.greenhouse.io/stripe
Stripe,"Sales Manager, Platforms (Existing Business)",US-SF,https://boards.greenhouse.io/stripe
Stripe,"Sales Manager, SMB & Mid-Market",Dublin,https://boards.greenhouse.io/stripe
Stripe,"Sales Manager, Startup SaaS Platforms - German or French Speaking",Dublin,https://boards.greenhouse.io/stripe
Stripe,Sales Operations Associate,Mexico City,https://boards.greenhouse.io/stripe
Stripe,"Sales Strategy & Operations Analyst, Platform Sales","CHI, ATL, US-Remote",https://boards.greenhouse.io/stripe
Stripe,"Scaled Account Executive, Japan",Tokyo,https://boards.greenhouse.io/stripe
Stripe,"SDC Operations Manager, Financial Crimes (AML)",Bengaluru,https://boards.greenhouse.io/stripe
Stripe,SDC Program Manager,Dublin,https://boards.greenhouse.io/stripe
Stripe,"Security Engineer, Bridge","SF, New York, Seattle",https://boards.greenhouse.io/stripe
Stripe,"Security Engineer, New Grad ","Seattle, WA; San Francisco, CA; Toronto, CAN",https://boards.greenhouse.io/stripe
Stripe,"Seller Experience Process & Systems, Program Manager",Remote,https://boards.greenhouse.io/stripe
Stripe,"Senior Manager, Sales Development",Dublin ,https://boards.greenhouse.io/stripe
Stripe,Senior People Partner,Dublin,https://boards.greenhouse.io/stripe
Stripe,"Senior Staff Engineer  -  Reporting, Accounting, and Data Services",Bengaluru,https://boards.greenhouse.io/stripe
Stripe,"Senior Staff Product Designer, Payments","SF, Seattle, New York, Remote in the US",https://boards.greenhouse.io/stripe
Stripe,"Senior Staff Software Engineer,  Developer Infrastructure ","SEA, SF",https://boards.greenhouse.io/stripe
Stripe,Senior US Payroll Tax Specialist,Bengaluru,https://boards.greenhouse.io/stripe
Stripe,Services Consultant - Scaled Professional Services,Dublin,https://boards.greenhouse.io/stripe
Stripe,"Short-form Video & Social, Community Comms","SF, NYC",https://boards.greenhouse.io/stripe
Stripe,Social Media Customer Support Associate ,Mexico,https://boards.greenhouse.io/stripe
Stripe,"Software Engineer, Bridge","San Francisco, NY, Seattle",https://boards.greenhouse.io/stripe
Stripe,"Software Engineer, Cards",Singapore,https://boards.greenhouse.io/stripe
Stripe,"Software Engineer, Core Technology",IN-Bengaluru,https://boards.greenhouse.io/stripe
Stripe,"Software Engineer, Data & AI",Bengaluru,https://boards.greenhouse.io/stripe
Stripe,"Software Engineer, Data Orchestration",N/A,https://boards.greenhouse.io/stripe
Stripe,"Software Engineering, New Grad",Singapore,https://boards.greenhouse.io/stripe
Stripe,"Software Engineer, Intern",Singapore,https://boards.greenhouse.io/stripe
Stripe,"Software Engineer, Intern",London,https://boards.greenhouse.io/stripe
Stripe,"Software Engineer, Intern",Dublin,https://boards.greenhouse.io/stripe
Stripe,"Software Engineer, Intern",Toronto,https://boards.greenhouse.io/stripe
Stripe,"Software Engineer, Internal Systems","Seattle, San Francisco, New York City ",https://boards.greenhouse.io/stripe
Stripe,"Software Engineer, Internal Systems","Bengaluru, India",https://boards.greenhouse.io/stripe
Stripe,"Software Engineer, Intern (Summer)","San Francisco, Seattle, New York City",https://boards.greenhouse.io/stripe
Stripe,"Software Engineer, Machine Learning Infrastructure","Toronto, Canada",https://boards.greenhouse.io/stripe
Stripe,"Software Engineer, Money as a Service",Singapore,https://boards.greenhouse.io/stripe
Stripe,"Software Engineer, Money Movement ",London,https://boards.greenhouse.io/stripe
Stripe,"Software Engineer, New Grad",Barcelona,https://boards.greenhouse.io/stripe
Stripe,"Software Engineer, New Grad",London,https://boards.greenhouse.io/stripe
Stripe,"Software Engineer, New Grad","San Francisco, Seattle",https://boards.greenhouse.io/stripe
Stripe,"Software Engineer, New Grad",Dublin,https://boards.greenhouse.io/stripe
Stripe,"Software Engineer, New Grad",Toronto,https://boards.greenhouse.io/stripe
Stripe,"Software Engineer, Payments & Risk",IN-Bengaluru,https://boards.greenhouse.io/stripe
Stripe,"Software Engineer, Product Security Data Platforms",Seattle,https://boards.greenhouse.io/stripe
Stripe,"Software Engineer, Secrets Infrastructure",na,https://boards.greenhouse.io/stripe
Stripe,"Software Engineer,Service Ecosystem Sustainability ",Bengaluru,https://boards.greenhouse.io/stripe
Stripe,"Software Engineer - Smart Contract, Bridge",San Francisco or New York,https://boards.greenhouse.io/stripe
Stripe,Solution Architect (Greater China),Singapore,https://boards.greenhouse.io/stripe
Stripe,Solutions Architect (Australia),Australia,https://boards.greenhouse.io/stripe
Stripe,"Solutions Architect, Enterprise","Chicago, IL",https://boards.greenhouse.io/stripe
Stripe,"Solutions Architect, Enterprise Platforms Grower","Chicago, IL or New York, NY or San Francisco, CA",https://boards.greenhouse.io/stripe
Stripe,Solutions Architect (Japan),"Tokyo, Japan",https://boards.greenhouse.io/stripe
Stripe,"Solutions Architect Manager, SAAS Platforms - EMEA  ",LOCATION,https://boards.greenhouse.io/stripe
Stripe,"Solutions Architect, SMB",Chicago,https://boards.greenhouse.io/stripe
Stripe,"Solutions Architect, Startup & SMB (French-Speaking)",Dublin,https://boards.greenhouse.io/stripe
Stripe,"Solutions Architect, Startup & SMB (German-Speaking)",LOCATION,https://boards.greenhouse.io/stripe
Stripe,"Solutions Architect, Strategic Enterprise Platforms","San Francisco, CA or New York, NY or Remote",https://boards.greenhouse.io/stripe
Stripe,"Solutions Engineer, Bridge",San Francisco or New York,https://boards.greenhouse.io/stripe
Stripe,"Solutions Engineer, Bridge",LOCATION,https://boards.greenhouse.io/stripe
Stripe,Sourcer,"Mexico City, MX",https://boards.greenhouse.io/stripe
Stripe,SOX IT Controls Lead,"Seattle, San Francisco",https://boards.greenhouse.io/stripe
Stripe,"Specialist Solutions Architect, Crypto & Stablecoins",US-NY,https://boards.greenhouse.io/stripe
Stripe,"Specialist Solutions Architect, Money Management","NY, SF, Remote",https://boards.greenhouse.io/stripe
Stripe,"Specialist Solutions Architect, Payments",SF or NY,https://boards.greenhouse.io/stripe
Stripe,"Specialist Solutions Architect, Payments",Chicago,https://boards.greenhouse.io/stripe
Stripe,"Specialist Solutions Architect, Payments (Terminal)",SF,https://boards.greenhouse.io/stripe
Stripe,"Specialist Solutions Architect, Payments (Terminal)",Chicago,https://boards.greenhouse.io/stripe
Stripe,"Specialist Solutions Architect, Radar (Fraud/Risk)",NY or SF,https://boards.greenhouse.io/stripe
Stripe,Stablecoin Policy Development Lead,US-Remote,https://boards.greenhouse.io/stripe
Stripe,"Staff Backend Engineer, Privy",NYC-Privy,https://boards.greenhouse.io/stripe
Stripe,"Staff Content Designer, Dashboard",US-remote,https://boards.greenhouse.io/stripe
Stripe,"Staff Engineer, Account Engineering","NYC, SEA",https://boards.greenhouse.io/stripe
Stripe,"Staff Engineer, Capital Engineering",US,https://boards.greenhouse.io/stripe
Stripe,"Staff Engineer , Data & AI",Bengaluru,https://boards.greenhouse.io/stripe
Stripe,"Staff Engineer, Data Engineering Solutions",Bengaluru,https://boards.greenhouse.io/stripe
Stripe,"Staff Engineer, Experimental Projects",US-Remote,https://boards.greenhouse.io/stripe
Stripe,"Staff Engineer, Financial Business Insights ",Bengaluru,https://boards.greenhouse.io/stripe
Stripe,"Staff Engineer, Payments","Seattle, San Francisco",https://boards.greenhouse.io/stripe
Stripe,"Staff Engineer, RFA Forward Deployed Engineering",Seattle,https://boards.greenhouse.io/stripe
Stripe,"Staff Engineer, Usage Based Billing ",US Locations,https://boards.greenhouse.io/stripe
Stripe,"Staff Full Stack Engineer, Payments Dashboard",Seattle,https://boards.greenhouse.io/stripe
Stripe,"Staff Fullstack Engineer, Privy","NYC-Privy, US-Remote ",https://boards.greenhouse.io/stripe
Stripe,"Staff Infrastructure Engineer, Privy",New York,https://boards.greenhouse.io/stripe
Stripe,Staff Product Designer,US ,https://boards.greenhouse.io/stripe
Stripe,"Staff Product Designer, Developer AI",US / Canada,https://boards.greenhouse.io/stripe
Stripe,"Staff Product Manager, Compliance UX",Dublin,https://boards.greenhouse.io/stripe
Stripe,"Staff Product Manager, Link Balance","NY, SF, SEA, Remote-US",https://boards.greenhouse.io/stripe
Stripe,"Staff Product Manager, Link Consumer Product","SF, SEA, NY, Remote-US",https://boards.greenhouse.io/stripe
Stripe,"Staff Product Manager, Orchestration Lead","SF, NY, SEA, US-Remote",https://boards.greenhouse.io/stripe
Stripe,"Staff Product Manager, Stripe Apps and Extensibility Platform","San Francisco, Seattle, NYC, Chicago, Toronto, US- Remote, Canada-Remote",https://boards.greenhouse.io/stripe
Stripe,"Staff Product Manager, Terminal - Global Payment Acceptance",United States or Canada,https://boards.greenhouse.io/stripe
Stripe,"Staff Product Manager, Web Presence & Platform",Remote / Chicago,https://boards.greenhouse.io/stripe
Stripe,"Staff Security Engineer, Security Partnerships","Remote, North America",https://boards.greenhouse.io/stripe
Stripe,"Staff Software Engineer, Billing","Toronto, Canada, Canada Remote",https://boards.greenhouse.io/stripe
Stripe,"Staff Software Engineer, Data","Toronto, Canada, Canada Remote ",https://boards.greenhouse.io/stripe
Stripe,"Staff Software Engineer, Stream Infrastructure",Seattle,https://boards.greenhouse.io/stripe
Stripe,"Staff UX Researcher, Payments",US,https://boards.greenhouse.io/stripe
Stripe,"Startup Field Marketing, Greater China",Singapore,https://boards.greenhouse.io/stripe
Stripe,"Startup & Investor Partnerships Lead, Australia & New Zealand","Sydney, Australia",https://boards.greenhouse.io/stripe
Stripe,"Startup & Investor Partnerships Lead, Greater China",Singapore,https://boards.greenhouse.io/stripe
Stripe,"Startup & Investor Partnerships Lead, India",Bengaluru,https://boards.greenhouse.io/stripe
Stripe,"Startup Partner, Germany",Berlin/Munich,https://boards.greenhouse.io/stripe
Stripe,"Startup Partner, UK",London,https://boards.greenhouse.io/stripe
Stripe, Strategic Capacity Planning Specialist,Dublin,https://boards.greenhouse.io/stripe
Stripe,Strategic Payment Advisors Lead - Global Alliances and Channels - AMER,US-Chicago,https://boards.greenhouse.io/stripe
Stripe,Strategic Payment Advisors Lead - Global Alliances and Channels - EMEA,LOCATION,https://boards.greenhouse.io/stripe
Stripe,"Strategic Sourcing Manager, Tech",US,https://boards.greenhouse.io/stripe
Stripe,"Strategic Sourcing Manager, Workplace","US (Remote), SF, SEA, CHI, NYC",https://boards.greenhouse.io/stripe
Stripe,Strategic Sourcing Specialist,Bengaluru,https://boards.greenhouse.io/stripe
Stripe,"Strategy & Business Operations, Stripe Business Performance ","San Francisco, Seattle, Chicago, US-remote, New York",https://boards.greenhouse.io/stripe
Stripe,"Strategy & Operations Analyst, Customer Success",Chicago ,https://boards.greenhouse.io/stripe
Stripe,Strategy & Operations Business Partner,"New York, San Fransisco, Seattle, Chicago, Remote in the US, Canada",https://boards.greenhouse.io/stripe
Stripe,"Strategy & Operations Business Partner, Product Sales",US,https://boards.greenhouse.io/stripe
Stripe,"Strategy & Operations, Connect","San Francisco, NYC, Seattle, Chicago, US Remote, Toronto",https://boards.greenhouse.io/stripe
Stripe,"Strategy & Operations, Infrastructure ","Seattle, San Francisco, NYC, Chicago, Remote",https://boards.greenhouse.io/stripe
Stripe,"Strategy & Operations, Payouts",Dublin,https://boards.greenhouse.io/stripe
Stripe,Systems Analyst - Legal Applications,Bangalore,https://boards.greenhouse.io/stripe
Stripe,"Team Lead, Data Analytics",Mexico City,https://boards.greenhouse.io/stripe
Stripe,"Team Lead, Risk Operations (PRO)",Bengaluru,https://boards.greenhouse.io/stripe
Stripe,"Team Lead Technical Operations, Stripe Delivery Center",Bengaluru,https://boards.greenhouse.io/stripe
Stripe,Technical Accounting & Policy ,US-SEA or US-SF,https://boards.greenhouse.io/stripe
Stripe,Technical Account Manager,Dublin,https://boards.greenhouse.io/stripe
Stripe,Technical Account Manager,"Toronto, Canada",https://boards.greenhouse.io/stripe
Stripe,Technical Account Manager,"Atlanta, Chicago, New York City, San Francisco, Seattle, US Remote",https://boards.greenhouse.io/stripe
Stripe,Technical Account Manager,London,https://boards.greenhouse.io/stripe
Stripe,"Technical Account Manager, French-Speaking",Paris,https://boards.greenhouse.io/stripe
Stripe,"Technical Account Manager, German Speaking ",Berlin ,https://boards.greenhouse.io/stripe
Stripe,Technical Account Manager (Greater China) ,Singapore,https://boards.greenhouse.io/stripe
Stripe,"Technical Account Manager, Spanish Speaking",Madrid,https://boards.greenhouse.io/stripe
Stripe,"Technical Account Manager, Spanish Speaking - Madrid or Dublin",Madrid or Dublin,https://boards.greenhouse.io/stripe
Stripe,Technical Operations Associate,Mexico City ,https://boards.greenhouse.io/stripe
Stripe,"Technical Operations Engineer, GTM",Toronto,https://boards.greenhouse.io/stripe
Stripe,"Technical Partner Manager, Global Partner Engineering & Operations",Singapore,https://boards.greenhouse.io/stripe
Stripe,Technical Partner Manager - Networks,US-Remote; US-Chicago; US-Atlanta; Canada-Toronto,https://boards.greenhouse.io/stripe
Stripe,"Technical Program Manager, Commerce Systems","Seattle, San Francisco, Remote in the US",https://boards.greenhouse.io/stripe
Stripe,Technical Program Manager - Local Payment Methods,Dublin,https://boards.greenhouse.io/stripe
Stripe,"Technical Program Manager, Sandboxes","Seattle, SF, NYC",https://boards.greenhouse.io/stripe
Stripe,"Technical Program Manager, Security","SF, Seattle, Remote in the US",https://boards.greenhouse.io/stripe
Stripe,Technical Recruiter (Fixed Term Contract),US-rem,https://boards.greenhouse.io/stripe
Stripe,Technical Recruiter (Fixed Term Contract),London,https://boards.greenhouse.io/stripe
Stripe,"Technical Recruiting Manager, EMEA",Dublin,https://boards.greenhouse.io/stripe
Stripe,"Technical Recruiting Manager, Product Management + Design ","San Francisco, NYC, Chicago",https://boards.greenhouse.io/stripe
Stripe,Technical Solutions Engineer,CA-Remote-British Columbia,https://boards.greenhouse.io/stripe
Stripe,Technical Solutions Engineer,"Remote - California, Remote - Colorado, Remote - Oregon, Remote - Washington ",https://boards.greenhouse.io/stripe
Stripe,[TEMPLATE] Default Template,LOCATION,https://boards.greenhouse.io/stripe
Stripe,"Training Engineer, Training & Certification",US-SF,https://boards.greenhouse.io/stripe
Stripe,Transaction Fraud Strategy Analyst,"Chicago, US-Remote, Toronto, Canada-Remote",https://boards.greenhouse.io/stripe
Stripe,Treasury Finance Operations,Toronto,https://boards.greenhouse.io/stripe
Stripe,UKI Sales Development Representative,Dublin ,https://boards.greenhouse.io/stripe
Stripe,University Recruiter,"Mexico City, MX",https://boards.greenhouse.io/stripe
Stripe,University Recruiter (Fixed Term Contract),Bangalore,https://boards.greenhouse.io/stripe
Stripe,User Enablement Compliance Manager,Dublin OR London,https://boards.greenhouse.io/stripe
Stripe,User Escalations Specialist,US-Chicago or US-Seattle,https://boards.greenhouse.io/stripe
Stripe,User Health Strategist ,"Atlanta, GA; Chicago, IL; US-Remote ",https://boards.greenhouse.io/stripe
Stripe,User Risk Strategist ,"(US-Remote, US-Atlanta, US-Chicago, CA-Toronto, CA-Remote)",https://boards.greenhouse.io/stripe
Stripe,"UX Researcher, Reporting and Data","US, Canada",https://boards.greenhouse.io/stripe
Stripe,Vendor Onboarding Specialist,Bengaluru,https://boards.greenhouse.io/stripe
Stripe,Vendor Operations Lead,"CHI, ATL, US Remote ",https://boards.greenhouse.io/stripe
Stripe,Workplace Real Estate Portfolio Strategist,"San Francisco, CA",https://boards.greenhouse.io/stripe
Stripe,"Writer, Content Marketing","US Remote, CHI, ATL",https://boards.greenhouse.io/stripe
