company_name,recruiter_name,role,profile_url,source
Airbnb,link rel,hr,https://boards.greenhouse.io/airbnb,boards.greenhouse.io
Airbnb,link rel,hr,https://boards.greenhouse.io/airbnb,boards.greenhouse.io
Airbnb,link rel,hr,https://boards.greenhouse.io/airbnb,boards.greenhouse.io
Airbnb,link rel,hr,https://boards.greenhouse.io/airbnb,boards.greenhouse.io
Airbnb,link rel,hr,https://boards.greenhouse.io/airbnb,boards.greenhouse.io
Airbnb,link rel,hr,https://boards.greenhouse.io/airbnb,boards.greenhouse.io
Airbnb,link rel,hr,https://boards.greenhouse.io/airbnb,boards.greenhouse.io
Airbnb,link rel,hr,https://boards.greenhouse.io/airbnb,boards.greenhouse.io
Airbnb,link rel,hr,https://boards.greenhouse.io/airbnb,boards.greenhouse.io
Airbnb,link rel,hr,https://boards.greenhouse.io/airbnb,boards.greenhouse.io
Airbnb,link rel,hr,https://boards.greenhouse.io/airbnb,boards.greenhouse.io
Airbnb,link rel,hr,https://boards.greenhouse.io/airbnb,boards.greenhouse.io
Airbnb,flex text,hr,https://boards.greenhouse.io/airbnb,boards.greenhouse.io
Airbnb,item menu,hr,https://boards.greenhouse.io/airbnb,boards.greenhouse.io
Airbnb,ancestor current,hr,https://boards.greenhouse.io/airbnb,boards.greenhouse.io
Airbnb,item menu,hr,https://boards.greenhouse.io/airbnb,boards.greenhouse.io
Airbnb,item menu,hr,https://boards.greenhouse.io/airbnb,boards.greenhouse.io
Airbnb,custom menu,hr,https://boards.greenhouse.io/airbnb,boards.greenhouse.io
Airbnb,type menu,hr,https://boards.greenhouse.io/airbnb,boards.greenhouse.io
Airbnb,parent menu,hr,https://boards.greenhouse.io/airbnb,boards.greenhouse.io
Airbnb,type menu,hr,https://boards.greenhouse.io/airbnb,boards.greenhouse.io
Airbnb,type menu,hr,https://boards.greenhouse.io/airbnb,boards.greenhouse.io
Airbnb,custom menu,hr,https://boards.greenhouse.io/airbnb,boards.greenhouse.io
Airbnb,protected characteristic,hr,https://boards.greenhouse.io/airbnb,boards.greenhouse.io
Airbnb,If you,recruiter,https://boards.greenhouse.io/airbnb,boards.greenhouse.io
Airbnb,custom menu,hr,https://boards.greenhouse.io/airbnb,boards.greenhouse.io
Airbnb,type menu,hr,https://boards.greenhouse.io/airbnb,boards.greenhouse.io
Airbnb,type menu,hr,https://boards.greenhouse.io/airbnb,boards.greenhouse.io
Airbnb,type menu,hr,https://boards.greenhouse.io/airbnb,boards.greenhouse.io
Airbnb,custom menu,hr,https://boards.greenhouse.io/airbnb,boards.greenhouse.io
Airbnb,type menu,hr,https://boards.greenhouse.io/airbnb,boards.greenhouse.io
Airbnb,type menu,hr,https://boards.greenhouse.io/airbnb,boards.greenhouse.io
Airbnb,custom menu,hr,https://boards.greenhouse.io/airbnb,boards.greenhouse.io
Airbnb,custom menu,hr,https://boards.greenhouse.io/airbnb,boards.greenhouse.io
Airbnb,custom menu,hr,https://boards.greenhouse.io/airbnb,boards.greenhouse.io
Airbnb,custom menu,hr,https://boards.greenhouse.io/airbnb,boards.greenhouse.io
Airbnb,custom menu,hr,https://boards.greenhouse.io/airbnb,boards.greenhouse.io
Airbnb,custom menu,hr,https://boards.greenhouse.io/airbnb,boards.greenhouse.io
Airbnb,en current,hr,https://boards.greenhouse.io/airbnb,boards.greenhouse.io
Airbnb,li class,hr,https://boards.greenhouse.io/airbnb,boards.greenhouse.io
Airbnb,reset facetwp,hr,https://boards.greenhouse.io/airbnb,boards.greenhouse.io
Stripe,link rel,hr,https://boards.greenhouse.io/stripe,boards.greenhouse.io
Stripe,link rel,hr,https://boards.greenhouse.io/stripe,boards.greenhouse.io
Stripe,link rel,hr,https://boards.greenhouse.io/stripe,boards.greenhouse.io
Stripe,link rel,hr,https://boards.greenhouse.io/stripe,boards.greenhouse.io
Stripe,link rel,hr,https://boards.greenhouse.io/stripe,boards.greenhouse.io
Stripe,link rel,hr,https://boards.greenhouse.io/stripe,boards.greenhouse.io
Stripe,link rel,hr,https://boards.greenhouse.io/stripe,boards.greenhouse.io
Stripe,link rel,hr,https://boards.greenhouse.io/stripe,boards.greenhouse.io
Stripe,link rel,hr,https://boards.greenhouse.io/stripe,boards.greenhouse.io
Stripe,link rel,hr,https://boards.greenhouse.io/stripe,boards.greenhouse.io
Stripe,link rel,hr,https://boards.greenhouse.io/stripe,boards.greenhouse.io
Stripe,link rel,hr,https://boards.greenhouse.io/stripe,boards.greenhouse.io
Stripe,link rel,hr,https://boards.greenhouse.io/stripe,boards.greenhouse.io
Stripe,link rel,hr,https://boards.greenhouse.io/stripe,boards.greenhouse.io
Stripe,link rel,hr,https://boards.greenhouse.io/stripe,boards.greenhouse.io
Stripe,link rel,hr,https://boards.greenhouse.io/stripe,boards.greenhouse.io
Stripe,link rel,hr,https://boards.greenhouse.io/stripe,boards.greenhouse.io
Stripe,link rel,hr,https://boards.greenhouse.io/stripe,boards.greenhouse.io
Stripe,link rel,hr,https://boards.greenhouse.io/stripe,boards.greenhouse.io
Stripe,link rel,hr,https://boards.greenhouse.io/stripe,boards.greenhouse.io
Stripe,link rel,hr,https://boards.greenhouse.io/stripe,boards.greenhouse.io
Stripe,link rel,hr,https://boards.greenhouse.io/stripe,boards.greenhouse.io
Stripe,link rel,hr,https://boards.greenhouse.io/stripe,boards.greenhouse.io
Stripe,link rel,hr,https://boards.greenhouse.io/stripe,boards.greenhouse.io
Stripe,link rel,hr,https://boards.greenhouse.io/stripe,boards.greenhouse.io
Stripe,link rel,hr,https://boards.greenhouse.io/stripe,boards.greenhouse.io
Stripe,link rel,hr,https://boards.greenhouse.io/stripe,boards.greenhouse.io
Stripe,link rel,hr,https://boards.greenhouse.io/stripe,boards.greenhouse.io
Stripe,link rel,hr,https://boards.greenhouse.io/stripe,boards.greenhouse.io
Stripe,link rel,hr,https://boards.greenhouse.io/stripe,boards.greenhouse.io
Stripe,link rel,hr,https://boards.greenhouse.io/stripe,boards.greenhouse.io
Stripe,link rel,hr,https://boards.greenhouse.io/stripe,boards.greenhouse.io
Stripe,link rel,hr,https://boards.greenhouse.io/stripe,boards.greenhouse.io
Stripe,link rel,hr,https://boards.greenhouse.io/stripe,boards.greenhouse.io
Stripe,link rel,hr,https://boards.greenhouse.io/stripe,boards.greenhouse.io
Stripe,link rel,hr,https://boards.greenhouse.io/stripe,boards.greenhouse.io
Stripe,link rel,hr,https://boards.greenhouse.io/stripe,boards.greenhouse.io
Stripe,link rel,hr,https://boards.greenhouse.io/stripe,boards.greenhouse.io
Stripe,link rel,hr,https://boards.greenhouse.io/stripe,boards.greenhouse.io
Stripe,link rel,hr,https://boards.greenhouse.io/stripe,boards.greenhouse.io
Stripe,link rel,hr,https://boards.greenhouse.io/stripe,boards.greenhouse.io
Stripe,link rel,hr,https://boards.greenhouse.io/stripe,boards.greenhouse.io
Stripe,link rel,hr,https://boards.greenhouse.io/stripe,boards.greenhouse.io
Stripe,link rel,hr,https://boards.greenhouse.io/stripe,boards.greenhouse.io
Stripe,link rel,hr,https://boards.greenhouse.io/stripe,boards.greenhouse.io
Stripe,link rel,hr,https://boards.greenhouse.io/stripe,boards.greenhouse.io
Stripe,link rel,hr,https://boards.greenhouse.io/stripe,boards.greenhouse.io
Stripe,link rel,hr,https://boards.greenhouse.io/stripe,boards.greenhouse.io
Stripe,link rel,hr,https://boards.greenhouse.io/stripe,boards.greenhouse.io
Stripe,link rel,hr,https://boards.greenhouse.io/stripe,boards.greenhouse.io
Stripe,link rel,hr,https://boards.greenhouse.io/stripe,boards.greenhouse.io
Stripe,link rel,hr,https://boards.greenhouse.io/stripe,boards.greenhouse.io
Stripe,link rel,hr,https://boards.greenhouse.io/stripe,boards.greenhouse.io
Stripe,link rel,hr,https://boards.greenhouse.io/stripe,boards.greenhouse.io
Stripe,link rel,hr,https://boards.greenhouse.io/stripe,boards.greenhouse.io
Stripe,link rel,hr,https://boards.greenhouse.io/stripe,boards.greenhouse.io
Stripe,link rel,hr,https://boards.greenhouse.io/stripe,boards.greenhouse.io
Stripe,link rel,hr,https://boards.greenhouse.io/stripe,boards.greenhouse.io
Stripe,link rel,hr,https://boards.greenhouse.io/stripe,boards.greenhouse.io
Stripe,link rel,hr,https://boards.greenhouse.io/stripe,boards.greenhouse.io
Stripe,link rel,hr,https://boards.greenhouse.io/stripe,boards.greenhouse.io
Stripe,link rel,hr,https://boards.greenhouse.io/stripe,boards.greenhouse.io
Stripe,link rel,hr,https://boards.greenhouse.io/stripe,boards.greenhouse.io
Stripe,link rel,hr,https://boards.greenhouse.io/stripe,boards.greenhouse.io
Stripe,link rel,hr,https://boards.greenhouse.io/stripe,boards.greenhouse.io
Stripe,link rel,hr,https://boards.greenhouse.io/stripe,boards.greenhouse.io
Stripe,link rel,hr,https://boards.greenhouse.io/stripe,boards.greenhouse.io
Stripe,link rel,hr,https://boards.greenhouse.io/stripe,boards.greenhouse.io
Stripe,link rel,hr,https://boards.greenhouse.io/stripe,boards.greenhouse.io
Stripe,link rel,hr,https://boards.greenhouse.io/stripe,boards.greenhouse.io
Stripe,link rel,hr,https://boards.greenhouse.io/stripe,boards.greenhouse.io
Stripe,link rel,hr,https://boards.greenhouse.io/stripe,boards.greenhouse.io
Stripe,link rel,hr,https://boards.greenhouse.io/stripe,boards.greenhouse.io
Stripe,link rel,hr,https://boards.greenhouse.io/stripe,boards.greenhouse.io
Stripe,link rel,hr,https://boards.greenhouse.io/stripe,boards.greenhouse.io
Stripe,link rel,hr,https://boards.greenhouse.io/stripe,boards.greenhouse.io
Stripe,link rel,hr,https://boards.greenhouse.io/stripe,boards.greenhouse.io
Stripe,link rel,hr,https://boards.greenhouse.io/stripe,boards.greenhouse.io
Stripe,link rel,hr,https://boards.greenhouse.io/stripe,boards.greenhouse.io
Stripe,link rel,hr,https://boards.greenhouse.io/stripe,boards.greenhouse.io
Stripe,link rel,hr,https://boards.greenhouse.io/stripe,boards.greenhouse.io
Stripe,link rel,hr,https://boards.greenhouse.io/stripe,boards.greenhouse.io
Stripe,link rel,hr,https://boards.greenhouse.io/stripe,boards.greenhouse.io
Stripe,link rel,hr,https://boards.greenhouse.io/stripe,boards.greenhouse.io
Stripe,link rel,hr,https://boards.greenhouse.io/stripe,boards.greenhouse.io
Stripe,link rel,hr,https://boards.greenhouse.io/stripe,boards.greenhouse.io
Stripe,link rel,hr,https://boards.greenhouse.io/stripe,boards.greenhouse.io
Stripe,link rel,hr,https://boards.greenhouse.io/stripe,boards.greenhouse.io
Stripe,"Light
      flavor",hr,https://boards.greenhouse.io/stripe,boards.greenhouse.io
Stripe,"White
    flavor",hr,https://boards.greenhouse.io/stripe,boards.greenhouse.io
Stripe,United Kingdom,hr,https://boards.greenhouse.io/stripe,boards.greenhouse.io
Stripe,United Kingdom,hr,https://boards.greenhouse.io/stripe,boards.greenhouse.io
Stripe,"White
    flavor",hr,https://boards.greenhouse.io/stripe,boards.greenhouse.io
Stripe,"Flag
    Flag",HR,https://boards.greenhouse.io/stripe,boards.greenhouse.io
